{
"appointed":0.30421686747,
"nominated":0.0993975903614,
"was":0.0903614457831,
"by":0.0602409638554,
"as":0.0542168674699,
"to":0.0301204819277,
"is":0.0301204819277,
"of":0.0271084337349,
"also":0.0271084337349,
"be":0.0240963855422,
"been":0.0210843373494,
"had":0.0210843373494,
"later":0.0180722891566,
"then":0.0180722891566,
"again":0.0180722891566,
"being":0.0180722891566,
"first":0.0150602409639,
"advice":0.0150602409639,
"for":0.0120481927711,
"on":0.00903614457831,
"with":0.00903614457831,
"when":0.00903614457831,
"recommendation":0.00903614457831,
"where":0.00602409638554,
"were":0.00602409638554,
"after":0.00602409638554,
"instead":0.00602409638554,
"summoned":0.00602409638554,
"representing":0.00602409638554,
"in":0.00602409638554,
"division":0.00301204819277,
"that":0.00301204819277,
"which":0.00301204819277,
"who":0.00301204819277,
"under":0.00301204819277,
"before":0.00301204819277
}