{
"alongside":0.416666666667,
"served":0.416666666667,
"has":0.0833333333333,
"also":0.0833333333333
}