{
"in":0.0715604801477,
"served":0.0614035087719,
"at":0.0498614958449,
"won":0.0457063711911,
"was":0.0313942751616,
"also":0.0309325946445,
"of":0.0295475530933,
"during":0.0272391505078,
"to":0.0263157894737,
"as":0.0216989843029,
"led":0.0203139427516,
"for":0.0198522622345,
"known":0.0184672206833,
"on":0.0180055401662,
"fought":0.017082179132,
"has":0.017082179132,
"participated":0.0152354570637,
"commanded":0.0147737765466,
"win":0.0138504155125,
"awarded":0.0133887349954,
"battles":0.0129270544783,
"later":0.0124653739612,
"then":0.0124653739612,
"joined":0.0120036934441,
"role":0.0106186518929,
"played":0.0106186518929,
"wounded":0.0101569713758,
"took":0.0101569713758,
"had":0.00969529085873,
"defeated":0.00923361034164,
"with":0.00923361034164,
"is":0.00877192982456,
"killed":0.00877192982456,
"action":0.00831024930748,
"years":0.00831024930748,
"involved":0.0078485687904,
"returned":0.00738688827331,
"who":0.00646352723915,
"saw":0.00600184672207,
"defeat":0.00600184672207,
"received":0.00600184672207,
"brigade":0.00600184672207,
"part":0.00554016620499,
"service":0.00554016620499,
"best":0.00554016620499,
"victory":0.00554016620499,
"captured":0.00554016620499,
"after":0.0050784856879,
"commander":0.0050784856879,
"noted":0.0050784856879,
"where":0.0050784856879,
"regiment":0.00461680517082,
"fighting":0.00415512465374,
"most":0.00415512465374,
"combat":0.00415512465374,
"remained":0.00415512465374,
"victories":0.00415512465374,
"when":0.00369344413666,
"end":0.00369344413666,
"fight":0.00369344413666,
"serve":0.00369344413666,
"s":0.00369344413666,
"twice":0.00369344413666,
"hired":0.00323176361958,
"outbreak":0.00323176361958,
"which":0.00323176361958,
"again":0.00323176361958,
"division":0.00323176361958,
"that":0.00323176361958,
"start":0.00323176361958,
"been":0.00323176361958,
"troops":0.00323176361958,
"lieutenant":0.00323176361958,
"command":0.00277008310249,
"until":0.00277008310249,
"from":0.00277008310249,
"promoted":0.00277008310249,
"officer":0.00277008310249,
"began":0.00230840258541,
"veteran":0.00230840258541,
"have":0.00230840258541,
"following":0.00230840258541,
"first":0.00230840258541,
"by":0.00230840258541,
"be":0.00230840258541,
"mortally":0.00230840258541,
"before":0.00230840258541,
"member":0.00184672206833,
"formerly":0.00184672206833,
"hero":0.00184672206833,
"forces":0.00184672206833,
"severely":0.00184672206833,
"including":0.00184672206833,
"well":0.00138504155125,
"fighter":0.00138504155125,
"died":0.00138504155125,
"posthumously":0.00138504155125,
"distinguished":0.00138504155125,
"pilot":0.00138504155125,
"throughout":0.00138504155125,
"prior":0.00138504155125,
"against":0.00138504155125,
"receive":0.00138504155125,
"graduated":0.00138504155125,
"never":0.00138504155125,
"seriously":0.00138504155125,
"brigadier":0.00138504155125,
"enlisted":0.00138504155125,
"captain":0.00138504155125,
"through":0.00138504155125,
"assigned":0.00138504155125,
"decorated":0.000923361034164,
"engaged":0.000923361034164,
"up":0.000923361034164,
"account":0.000923361034164,
"general":0.000923361034164,
"shortly":0.000923361034164,
"becoming":0.000923361034164,
"stationed":0.000923361034164,
"sergeant":0.000923361034164,
"highly":0.000923361034164,
"seeing":0.000923361034164,
"became":0.000923361034164,
"thInfantryBrigadeCombatTeamuUnitedStatesu":0.000923361034164,
"missions":0.000923361034164,
"ever":0.000923361034164,
"there":0.000923361034164,
"die":0.000923361034164,
"now":0.000923361034164,
"battle":0.000923361034164,
"ended":0.000923361034164,
"being":0.000923361034164,
"since":0.000923361034164,
"dissolved":0.000461680517082,
"early":0.000461680517082,
"helping":0.000461680517082,
"used":0.000461680517082,
"mostly":0.000461680517082,
"while":0.000461680517082,
"deployed":0.000461680517082,
"becomes":0.000461680517082,
"attack":0.000461680517082,
"support":0.000461680517082,
"become":0.000461680517082,
"approximately":0.000461680517082,
"into":0.000461680517082,
"already":0.000461680517082,
"taking":0.000461680517082,
"ace":0.000461680517082,
"tours":0.000461680517082,
"along":0.000461680517082,
"accompanied":0.000461680517082,
"base":0.000461680517082,
"currently":0.000461680517082,
"colonel":0.000461680517082,
"still":0.000461680517082,
"year":0.000461680517082,
"not":0.000461680517082,
"nearly":0.000461680517082,
"commended":0.000461680517082,
"famously":0.000461680517082,
"brevetted":0.000461680517082,
"only":0.000461680517082,
"better":0.000461680517082,
"inflicted":0.000461680517082,
"surviving":0.000461680517082,
"particularly":0.000461680517082,
"soon":0.000461680517082,
"mainly":0.000461680517082,
"over":0.000461680517082,
"just":0.000461680517082,
"help":0.000461680517082
}