{
"declared":0.490196078431,
"was":0.137254901961,
"by":0.078431372549,
"that":0.0588235294118,
"had":0.0392156862745,
"canonized":0.0392156862745,
"to":0.0392156862745,
"beatified":0.0196078431373,
"as":0.0196078431373,
"been":0.0196078431373,
"when":0.0196078431373,
"is":0.0196078431373,
"also":0.0196078431373
}