{
"game":0.171875,
"for":0.146875,
"released":0.1,
"developed":0.084375,
"video":0.08125,
"was":0.071875,
"ported":0.03125,
"published":0.025,
"on":0.01875,
"by":0.01875,
"to":0.01875,
"in":0.01875,
"later":0.015625,
"including":0.0125,
"been":0.0125,
"computer":0.0125,
"originally":0.009375,
"announced":0.009375,
"is":0.009375,
"lt":0.009375,
"exclusively":0.009375,
"being":0.009375,
"gt":0.009375,
"adventure":0.00625,
"action":0.00625,
"ref":0.00625,
"initially":0.00625,
"be":0.00625,
"platform":0.00625,
"console":0.00625,
"platforms":0.00625,
"produced":0.00625,
"subsequently":0.003125,
"of":0.003125,
"actionadventure":0.003125,
"has":0.003125,
"series":0.003125,
"hockey":0.003125,
"strategy":0.003125,
"had":0.003125,
"licensed":0.003125,
"puzzle":0.003125,
"generation":0.003125,
"show":0.003125
}