{
"known":0.333333333333,
"as":0.0631313131313,
"teamed":0.0555555555556,
"with":0.0454545454545,
"also":0.0454545454545,
"is":0.0454545454545,
"was":0.0429292929293,
"best":0.0429292929293,
"for":0.0252525252525,
"became":0.0227272727273,
"to":0.0227272727273,
"up":0.020202020202,
"well":0.020202020202,
"that":0.0151515151515,
"of":0.0126262626263,
"by":0.0126262626263,
"become":0.00757575757576,
"later":0.00757575757576,
"most":0.00757575757576,
"after":0.00757575757576,
"then":0.00757575757576,
"has":0.00757575757576,
"better":0.00757575757576,
"had":0.00757575757576,
"not":0.00757575757576,
"be":0.00757575757576,
"have":0.00757575757576,
"where":0.00505050505051,
"usually":0.00505050505051,
"about":0.00505050505051,
"especially":0.00505050505051,
"along":0.00505050505051,
"mostly":0.00505050505051,
"from":0.00505050505051,
"again":0.00505050505051,
"when":0.00505050505051,
"being":0.00505050505051,
"among":0.00505050505051,
"were":0.00252525252525,
"while":0.00252525252525,
"on":0.00252525252525,
"now":0.00252525252525,
"although":0.00252525252525,
"though":0.00252525252525,
"only":0.00252525252525,
"been":0.00252525252525,
"except":0.00252525252525,
"since":0.00252525252525,
"often":0.00252525252525,
"in":0.00252525252525,
"particularly":0.00252525252525,
"sometimes":0.00252525252525
}