{
"released":0.435897435897,
"was":0.115384615385,
"on":0.102564102564,
"as":0.0512820512821,
"is":0.025641025641,
"be":0.025641025641,
"not":0.025641025641,
"were":0.025641025641,
"been":0.025641025641,
"in":0.025641025641,
"also":0.025641025641,
"to":0.025641025641,
"at":0.0128205128205,
"s":0.0128205128205,
"had":0.0128205128205,
"of":0.0128205128205,
"with":0.0128205128205,
"from":0.0128205128205,
"after":0.0128205128205
}