{
"time":0.235668789809,
"teamed":0.140127388535,
"with":0.133757961783,
"competed":0.108280254777,
"up":0.0509554140127,
"also":0.0445859872611,
"then":0.0254777070064,
"was":0.0254777070064,
"as":0.0254777070064,
"where":0.0191082802548,
"against":0.0191082802548,
"has":0.0191082802548,
"to":0.0191082802548,
"later":0.0127388535032,
"of":0.0127388535032,
"more":0.0127388535032,
"for":0.0127388535032,
"again":0.0127388535032,
"s":0.00636942675159,
"on":0.00636942675159,
"that":0.00636942675159,
"under":0.00636942675159,
"which":0.00636942675159,
"behind":0.00636942675159,
"had":0.00636942675159,
"partner":0.00636942675159,
"together":0.00636942675159,
"when":0.00636942675159,
"previously":0.00636942675159
}