{
"play":0.417475728155,
"to":0.145631067961,
"for":0.0873786407767,
"in":0.0679611650485,
"with":0.0485436893204,
"also":0.0485436893204,
"against":0.0388349514563,
"ever":0.0194174757282,
"later":0.0194174757282,
"again":0.0194174757282,
"until":0.00970873786408,
"during":0.00970873786408,
"not":0.00970873786408,
"at":0.00970873786408,
"as":0.00970873786408,
"when":0.00970873786408,
"of":0.00970873786408,
"from":0.00970873786408,
"who":0.00970873786408
}