{
"work":0.174479166667,
"daughter":0.135416666667,
"to":0.078125,
"trained":0.0703125,
"with":0.0572916666667,
"coach":0.046875,
"of":0.0416666666667,
"by":0.0416666666667,
"s":0.0390625,
"was":0.0364583333333,
"coached":0.0286458333333,
"under":0.0286458333333,
"as":0.0208333333333,
"paired":0.0182291666667,
"train":0.0182291666667,
"also":0.0182291666667,
"is":0.015625,
"has":0.0130208333333,
"for":0.0130208333333,
"found":0.0104166666667,
"on":0.0104166666667,
"in":0.0078125,
"where":0.00520833333333,
"up":0.00520833333333,
"after":0.00520833333333,
"who":0.00520833333333,
"which":0.00520833333333,
"had":0.00520833333333,
"done":0.00520833333333,
"together":0.00260416666667,
"later":0.00260416666667,
"members":0.00260416666667,
"whose":0.00260416666667,
"be":0.00260416666667,
"only":0.00260416666667,
"been":0.00260416666667,
"while":0.00260416666667,
"that":0.00260416666667,
"friends":0.00260416666667,
"from":0.00260416666667,
"again":0.00260416666667,
"before":0.00260416666667,
"at":0.00260416666667,
"among":0.00260416666667
}