{
"in":0.121201536849,
"was":0.0482011875655,
"to":0.039119804401,
"served":0.0380719524974,
"joined":0.0303877052043,
"at":0.0272441494935,
"appointed":0.0247991617185,
"left":0.023402025847,
"of":0.0227034579113,
"then":0.0213063220398,
"from":0.0202584701362,
"born":0.0195599022005,
"returned":0.0174641983933,
"had":0.0167656304576,
"later":0.0160670625218,
"has":0.0160670625218,
"band":0.0136220747468,
"also":0.0132727907789,
"is":0.0122249388753,
"on":0.0122249388753,
"with":0.0118756549074,
"tour":0.0115263709396,
"for":0.0115263709396,
"lived":0.0108278030038,
"lives":0.010478519036,
"as":0.0101292350681,
"came":0.00943066713238,
"performed":0.00943066713238,
"died":0.00908138316451,
"formed":0.00908138316451,
"living":0.00873209919665,
"worked":0.00803353126092,
"first":0.00803353126092,
"success":0.00803353126092,
"based":0.00803353126092,
"founded":0.00768424729305,
"s":0.00733496332518,
"home":0.00733496332518,
"known":0.00698567935732,
"been":0.00663639538945,
"currently":0.00628711142159,
"who":0.00593782745372,
"met":0.00593782745372,
"married":0.00593782745372,
"spent":0.00558854348585,
"when":0.00558854348585,
"attended":0.00558854348585,
"rock":0.00558854348585,
"raised":0.00523925951799,
"buried":0.00488997555012,
"arrived":0.00454069158226,
"again":0.00454069158226,
"moving":0.00454069158226,
"relocated":0.00454069158226,
"before":0.00454069158226,
"settled":0.00419140761439,
"graduated":0.00419140761439,
"be":0.00419140761439,
"now":0.00419140761439,
"family":0.00419140761439,
"toured":0.00384212364652,
"near":0.00384212364652,
"working":0.00384212364652,
"resides":0.00384212364652,
"have":0.00349283967866,
"taken":0.00349283967866,
"while":0.00349283967866,
"represent":0.00349283967866,
"interred":0.00314355571079,
"group":0.00314355571079,
"works":0.00314355571079,
"brought":0.00314355571079,
"moved":0.00279427174293,
"where":0.00279427174293,
"returning":0.00279427174293,
"soon":0.00279427174293,
"up":0.00244498777506,
"grew":0.00244498777506,
"until":0.00244498777506,
"entered":0.00244498777506,
"touring":0.00244498777506,
"metal":0.0020957038072,
"most":0.0020957038072,
"began":0.0020957038072,
"were":0.0020957038072,
"released":0.0020957038072,
"throughout":0.0020957038072,
"traveled":0.0020957038072,
"hometown":0.0020957038072,
"childhood":0.0020957038072,
"punk":0.0020957038072,
"career":0.0020957038072,
"suburb":0.0020957038072,
"studio":0.0020957038072,
"out":0.0020957038072,
"arrested":0.0020957038072,
"recorded":0.0020957038072,
"indie":0.00174641983933,
"live":0.00174641983933,
"into":0.00174641983933,
"formerly":0.00174641983933,
"back":0.00174641983933,
"just":0.00174641983933,
"singer":0.00139713587146,
"perform":0.00139713587146,
"town":0.00139713587146,
"part":0.00139713587146,
"by":0.00139713587146,
"outside":0.00139713587146,
"being":0.00139713587146,
"since":0.00139713587146,
"instead":0.0010478519036,
"which":0.0010478519036,
"educated":0.0010478519036,
"well":0.0010478519036,
"that":0.0010478519036,
"region":0.0010478519036,
"after":0.0010478519036,
"between":0.0010478519036,
"album":0.0010478519036,
"side":0.0010478519036,
"artist":0.0010478519036,
"coast":0.0010478519036,
"through":0.0010478519036,
"so":0.000698567935732,
"makes":0.000698567935732,
"audition":0.000698567935732,
"around":0.000698567935732,
"country":0.000698567935732,
"youth":0.000698567935732,
"becoming":0.000698567935732,
"mostly":0.000698567935732,
"there":0.000698567935732,
"singers":0.000698567935732,
"down":0.000698567935732,
"pop":0.000698567935732,
"already":0.000698567935732,
"became":0.000698567935732,
"against":0.000698567935732,
"hits":0.000698567935732,
"found":0.000698567935732,
"never":0.000698567935732,
"singersongwriter":0.000698567935732,
"across":0.000698567935732,
"often":0.000698567935732,
"twice":0.000698567935732,
"death":0.000698567935732,
"hardcore":0.000698567935732,
"still":0.000698567935732,
"alternative":0.000698567935732,
"once":0.000349283967866,
"upon":0.000349283967866,
"divides":0.000349283967866,
"take":0.000349283967866,
"metalcore":0.000349283967866,
"prominence":0.000349283967866,
"filed":0.000349283967866,
"serve":0.000349283967866,
"more":0.000349283967866,
"much":0.000349283967866,
"whom":0.000349283967866,
"primarily":0.000349283967866,
"quartet":0.000349283967866,
"lawsuit":0.000349283967866,
"along":0.000349283967866,
"power":0.000349283967866,
"won":0.000349283967866,
"orchestra":0.000349283967866,
"away":0.000349283967866,
"best":0.000349283967866,
"are":0.000349283967866,
"because":0.000349283967866,
"went":0.000349283967866,
"rapper":0.000349283967866,
"string":0.000349283967866,
"fled":0.000349283967866,
"during":0.000349283967866,
"not":0.000349283967866,
"de":0.000349283967866,
"under":0.000349283967866,
"only":0.000349283967866,
"better":0.000349283967866,
"rose":0.000349283967866,
"go":0.000349283967866,
"judge":0.000349283967866,
"nominated":0.000349283967866,
"mainly":0.000349283967866,
"over":0.000349283967866
}