{
"defeated":0.5,
"by":0.0877192982456,
"was":0.0614035087719,
"then":0.0350877192982,
"while":0.0263157894737,
"after":0.0263157894737,
"again":0.0263157894737,
"is":0.0263157894737,
"with":0.0175438596491,
"to":0.0175438596491,
"been":0.0175438596491,
"s":0.0175438596491,
"when":0.0175438596491,
"also":0.0175438596491,
"had":0.0175438596491,
"where":0.00877192982456,
"were":0.00877192982456,
"later":0.00877192982456,
"who":0.00877192982456,
"has":0.00877192982456,
"for":0.00877192982456,
"before":0.00877192982456,
"in":0.00877192982456,
"being":0.00877192982456,
"be":0.00877192982456
}