{
"by":0.179775280899,
"was":0.140449438202,
"founded":0.112359550562,
"announced":0.061797752809,
"formed":0.0505617977528,
"established":0.0505617977528,
"is":0.0393258426966,
"with":0.0337078651685,
"were":0.0280898876404,
"headed":0.0280898876404,
"s":0.0224719101124,
"that":0.0224719101124,
"founder":0.0224719101124,
"cofounded":0.0168539325843,
"president":0.0168539325843,
"after":0.0168539325843,
"chaired":0.0168539325843,
"incorporated":0.0112359550562,
"run":0.0112359550562,
"under":0.0112359550562,
"to":0.0112359550562,
"been":0.0112359550562,
"had":0.0112359550562,
"also":0.0112359550562,
"design":0.00561797752809,
"headquarters":0.00561797752809,
"has":0.00561797752809,
"which":0.00561797752809,
"for":0.00561797752809,
"opened":0.00561797752809,
"based":0.00561797752809,
"engineer":0.00561797752809,
"in":0.00561797752809,
"tours":0.00561797752809,
"year":0.00561797752809
}