{
"in":0.245033112583,
"based":0.0695364238411,
"headquarters":0.0662251655629,
"was":0.0662251655629,
"founded":0.0596026490066,
"is":0.0596026490066,
"located":0.0562913907285,
"headquartered":0.0430463576159,
"offices":0.0331125827815,
"established":0.0331125827815,
"has":0.023178807947,
"operations":0.023178807947,
"moved":0.0198675496689,
"at":0.0165562913907,
"s":0.0165562913907,
"from":0.0165562913907,
"locations":0.0165562913907,
"to":0.0132450331126,
"with":0.00993377483444,
"company":0.00993377483444,
"facility":0.00993377483444,
"were":0.00662251655629,
"of":0.00662251655629,
"theater":0.00662251655629,
"on":0.00662251655629,
"now":0.00662251655629,
"be":0.00662251655629,
"been":0.00662251655629,
"near":0.00662251655629,
"had":0.00662251655629,
"currently":0.00662251655629,
"also":0.00662251655629,
"out":0.00662251655629,
"opens":0.00331125827815,
"between":0.00331125827815,
"for":0.00331125827815,
"are":0.00331125827815
}