{
"by":0.444444444444,
"lyrics":0.333333333333,
"with":0.111111111111,
"authored":0.111111111111
}