{
"appointed":0.0997942386831,
"met":0.0781893004115,
"nominated":0.0637860082305,
"was":0.0627572016461,
"returned":0.0473251028807,
"as":0.0442386831276,
"by":0.0432098765432,
"to":0.0421810699588,
"also":0.0318930041152,
"with":0.0257201646091,
"presented":0.0236625514403,
"serve":0.0216049382716,
"stand":0.0195473251029,
"asks":0.0195473251029,
"been":0.0185185185185,
"had":0.0185185185185,
"serves":0.0164609053498,
"later":0.0144032921811,
"then":0.0144032921811,
"is":0.0144032921811,
"informed":0.0133744855967,
"in":0.0133744855967,
"advised":0.0123456790123,
"when":0.0123456790123,
"for":0.0123456790123,
"first":0.011316872428,
"where":0.011316872428,
"dismissed":0.011316872428,
"that":0.0102880658436,
"of":0.00925925925926,
"again":0.00925925925926,
"supporter":0.00925925925926,
"be":0.00925925925926,
"requested":0.0082304526749,
"twice":0.00720164609053,
"after":0.00720164609053,
"has":0.00720164609053,
"being":0.00617283950617,
"sworn":0.00514403292181,
"while":0.00514403292181,
"up":0.00514403292181,
"who":0.00514403292181,
"under":0.00514403292181,
"on":0.00411522633745,
"currently":0.00411522633745,
"at":0.00411522633745,
"knighted":0.00411522633745,
"were":0.00308641975309,
"now":0.00308641975309,
"which":0.00308641975309,
"before":0.00308641975309,
"resignation":0.00308641975309,
"have":0.00308641975309,
"soon":0.00308641975309,
"served":0.00205761316872,
"during":0.00205761316872,
"if":0.00205761316872,
"reigns":0.00205761316872,
"formally":0.00205761316872,
"until":0.00205761316872,
"instead":0.00205761316872,
"through":0.00205761316872,
"tendered":0.00205761316872,
"so":0.00102880658436,
"against":0.00102880658436,
"about":0.00102880658436,
"never":0.00102880658436,
"not":0.00102880658436,
"repeated":0.00102880658436,
"how":0.00102880658436,
"what":0.00102880658436,
"becoming":0.00102880658436,
"told":0.00102880658436,
"from":0.00102880658436,
"offered":0.00102880658436,
"why":0.00102880658436,
"down":0.00102880658436,
"whom":0.00102880658436,
"declared":0.00102880658436
}