{
"located":0.365853658537,
"in":0.19512195122,
"park":0.0975609756098,
"was":0.0731707317073,
"is":0.0731707317073,
"of":0.0731707317073,
"now":0.0243902439024,
"at":0.0243902439024,
"also":0.0243902439024,
"formerly":0.0243902439024,
"just":0.0243902439024
}