{
"fed":0.272727272727,
"of":0.181818181818,
"is":0.181818181818,
"source":0.181818181818,
"by":0.181818181818
}