{
"was":0.0745501285347,
"by":0.0616966580977,
"acquired":0.0539845758355,
"of":0.0424164524422,
"formed":0.0424164524422,
"merged":0.0424164524422,
"owned":0.0398457583548,
"sold":0.0385604113111,
"renamed":0.0372750642674,
"to":0.0347043701799,
"purchased":0.0295629820051,
"bought":0.0282776349614,
"later":0.025706940874,
"company":0.025706940874,
"subsidiary":0.0244215938303,
"is":0.0205655526992,
"had":0.0179948586118,
"as":0.0179948586118,
"were":0.0167095115681,
"with":0.0167095115681,
"announced":0.0154241645244,
"from":0.0154241645244,
"be":0.0154241645244,
"parent":0.0141388174807,
"in":0.0141388174807,
"produced":0.0141388174807,
"division":0.012853470437,
"then":0.012853470437,
"wholly":0.012853470437,
"also":0.0115681233933,
"been":0.0102827763496,
"merger":0.0102827763496,
"form":0.0102827763496,
"when":0.0102827763496,
"distributed":0.00899742930591,
"into":0.00899742930591,
"venture":0.00771208226221,
"over":0.00771208226221,
"taken":0.00771208226221,
"has":0.00642673521851,
"s":0.00514138817481,
"that":0.00514138817481,
"controlled":0.00514138817481,
"which":0.00514138817481,
"through":0.00385604113111,
"after":0.00385604113111,
"being":0.00385604113111,
"formerly":0.00385604113111,
"out":0.0025706940874,
"off":0.0025706940874,
"now":0.0025706940874,
"under":0.0025706940874,
"part":0.0025706940874,
"agreement":0.0025706940874,
"between":0.0025706940874,
"consortium":0.0025706940874,
"create":0.0025706940874,
"for":0.0025706940874,
"sell":0.0025706940874,
"reached":0.0025706940874,
"at":0.0025706940874,
"back":0.0025706940874,
"began":0.0012853470437,
"on":0.0012853470437,
"most":0.0012853470437,
"established":0.0012853470437,
"based":0.0012853470437,
"trading":0.0012853470437,
"operates":0.0012853470437
}