{
"known":0.179591836735,
"met":0.108843537415,
"with":0.0544217687075,
"as":0.0503401360544,
"also":0.047619047619,
"starred":0.0462585034014,
"partner":0.0367346938776,
"was":0.0326530612245,
"is":0.0312925170068,
"relationship":0.0258503401361,
"to":0.0244897959184,
"best":0.0231292517007,
"buried":0.0204081632653,
"for":0.0163265306122,
"actress":0.0149659863946,
"became":0.0136054421769,
"of":0.0136054421769,
"by":0.0136054421769,
"had":0.0136054421769,
"costarred":0.0122448979592,
"where":0.0108843537415,
"well":0.0108843537415,
"that":0.00952380952381,
"then":0.00952380952381,
"has":0.00952380952381,
"which":0.00952380952381,
"first":0.00816326530612,
"later":0.00816326530612,
"have":0.00816326530612,
"when":0.00816326530612,
"s":0.00680272108844,
"after":0.00680272108844,
"along":0.00544217687075,
"in":0.00544217687075,
"while":0.00544217687075,
"be":0.00544217687075,
"become":0.00408163265306,
"most":0.00408163265306,
"between":0.00408163265306,
"better":0.00408163265306,
"from":0.00408163265306,
"at":0.00408163265306,
"not":0.00408163265306,
"usually":0.00272108843537,
"through":0.00272108843537,
"up":0.00272108843537,
"about":0.00272108843537,
"on":0.00272108843537,
"especially":0.00272108843537,
"soon":0.00272108843537,
"who":0.00272108843537,
"actor":0.00272108843537,
"near":0.00272108843537,
"mostly":0.00272108843537,
"been":0.00272108843537,
"engaged":0.00272108843537,
"being":0.00272108843537,
"among":0.00272108843537,
"were":0.00136054421769,
"never":0.00136054421769,
"now":0.00136054421769,
"although":0.00136054421769,
"assistant":0.00136054421769,
"though":0.00136054421769,
"only":0.00136054421769,
"except":0.00136054421769,
"since":0.00136054421769,
"there":0.00136054421769,
"winter":0.00136054421769,
"whom":0.00136054421769,
"worked":0.00136054421769,
"again":0.00136054421769,
"often":0.00136054421769,
"particularly":0.00136054421769,
"sometimes":0.00136054421769
}