{
"to":0.0421847246892,
"was":0.0399644760213,
"as":0.0368561278863,
"by":0.029973357016,
"also":0.0293072824156,
"served":0.0273090586146,
"with":0.0259769094139,
"worked":0.0259769094139,
"appointed":0.0230905861456,
"said":0.0197602131439,
"of":0.0184280639432,
"named":0.017539964476,
"wrote":0.0173179396092,
"joined":0.0168738898757,
"that":0.0166518650089,
"had":0.0166518650089,
"then":0.015541740675,
"took":0.0153197158082,
"replaced":0.0148756660746,
"work":0.0148756660746,
"is":0.014431616341,
"later":0.014431616341,
"did":0.0119893428064,
"has":0.0115452930728,
"came":0.011323268206,
"left":0.011323268206,
"told":0.0111012433393,
"lost":0.0111012433393,
"asked":0.0106571936057,
"when":0.0106571936057,
"won":0.0104351687389,
"where":0.0104351687389,
"in":0.0102131438721,
"wife":0.00999111900533,
"given":0.00910301953819,
"s":0.00865896980462,
"like":0.00843694493783,
"after":0.00799289520426,
"portrayed":0.00799289520426,
"gave":0.00777087033748,
"who":0.00754884547069,
"credited":0.00754884547069,
"on":0.00754884547069,
"led":0.00754884547069,
"for":0.00754884547069,
"under":0.00754884547069,
"support":0.00732682060391,
"nominated":0.00732682060391,
"while":0.00710479573712,
"been":0.00688277087034,
"remained":0.00666074600355,
"be":0.0059946714032,
"resigned":0.0059946714032,
"thought":0.00577264653641,
"which":0.00555062166963,
"supported":0.00555062166963,
"leader":0.00532859680284,
"successor":0.00532859680284,
"influence":0.00510657193606,
"selected":0.00510657193606,
"accompanied":0.00510657193606,
"chosen":0.00510657193606,
"have":0.00466252220249,
"serve":0.00466252220249,
"again":0.0044404973357,
"secretary":0.0044404973357,
"along":0.00421847246892,
"assisted":0.00377442273535,
"from":0.00377442273535,
"suggested":0.00377442273535,
"traveled":0.00355239786856,
"first":0.00355239786856,
"ahead":0.00355239786856,
"over":0.00355239786856,
"removed":0.00333037300178,
"person":0.00310834813499,
"president":0.00310834813499,
"before":0.00310834813499,
"commented":0.00288632326821,
"once":0.00266429840142,
"were":0.00266429840142,
"succeed":0.00266429840142,
"government":0.00266429840142,
"stay":0.00244227353464,
"until":0.00244227353464,
"advisor":0.00244227353464,
"about":0.00244227353464,
"not":0.00244227353464,
"finally":0.00244227353464,
"elevated":0.00222024866785,
"up":0.00222024866785,
"figures":0.00222024866785,
"supporter":0.00199822380107,
"being":0.00199822380107,
"reunited":0.00177619893428,
"became":0.00177619893428,
"out":0.00177619893428,
"lead":0.0015541740675,
"driven":0.0015541740675,
"class":0.0015541740675,
"if":0.0015541740675,
"administrations":0.0015541740675,
"against":0.0015541740675,
"what":0.0015541740675,
"often":0.0015541740675,
"soon":0.0015541740675,
"off":0.00133214920071,
"briefly":0.00133214920071,
"champion":0.00133214920071,
"twice":0.00133214920071,
"break":0.00133214920071,
"candidates":0.00133214920071,
"world":0.00133214920071,
"together":0.00111012433393,
"sworn":0.00111012433393,
"presidency":0.00111012433393,
"nt":0.00111012433393,
"more":0.00111012433393,
"much":0.00111012433393,
"article":0.00111012433393,
"found":0.00111012433393,
"behind":0.00111012433393,
"away":0.00111012433393,
"so":0.00088809946714,
"at":0.00088809946714,
"maintained":0.00088809946714,
"among":0.00088809946714,
"admits":0.00088809946714,
"however":0.00088809946714,
"since":0.00088809946714,
"reappointed":0.00088809946714,
"serving":0.00088809946714,
"pole":0.00088809946714,
"sometimes":0.000666074600355,
"advise":0.000666074600355,
"confessed":0.000666074600355,
"abandoned":0.000666074600355,
"whom":0.000666074600355,
"there":0.000666074600355,
"dispatched":0.000666074600355,
"administration":0.000666074600355,
"followed":0.000666074600355,
"although":0.000666074600355,
"got":0.000666074600355,
"back":0.000666074600355,
"disappointed":0.000666074600355,
"now":0.000666074600355,
"during":0.000666074600355,
"through":0.000666074600355,
"mainly":0.000666074600355,
"just":0.000666074600355,
"why":0.00044404973357,
"most":0.00044404973357,
"instead":0.00044404973357,
"take":0.00044404973357,
"member":0.00044404973357,
"get":0.00044404973357,
"politics":0.00044404973357,
"ran":0.00044404973357,
"margin":0.00044404973357,
"disagreed":0.00044404973357,
"whether":0.00044404973357,
"becoming":0.00044404973357,
"entered":0.00044404973357,
"done":0.00044404973357,
"formerly":0.00044404973357,
"think":0.00044404973357,
"career":0.00044404973357,
"carried":0.00044404973357,
"across":0.00044404973357,
"dominate":0.00044404973357,
"see":0.00044404973357,
"because":0.00044404973357,
"ticket":0.00044404973357,
"de":0.00044404973357,
"name":0.00044404973357,
"how":0.00044404973357,
"m":0.000222024866785,
"succeeded":0.000222024866785,
"opportunity":0.000222024866785,
"replace":0.000222024866785,
"upon":0.000222024866785,
"championship":0.000222024866785,
"winning":0.000222024866785,
"began":0.000222024866785,
"defeated":0.000222024866785,
"made":0.000222024866785,
"part":0.000222024866785,
"cabinet":0.000222024866785,
"mostly":0.000222024866785,
"passed":0.000222024866785,
"way":0.000222024866785,
"quickly":0.000222024866785,
"friends":0.000222024866785,
"received":0.000222024866785,
"conference":0.000222024866785,
"relating":0.000222024866785,
"singing":0.000222024866785,
"set":0.000222024866785,
"down":0.000222024866785,
"depose":0.000222024866785,
"succeeds":0.000222024866785,
"members":0.000222024866785,
"studies":0.000222024866785,
"introduced":0.000222024866785,
"awards":0.000222024866785,
"taking":0.000222024866785,
"getting":0.000222024866785,
"stage":0.000222024866785,
"backed":0.000222024866785,
"let":0.000222024866785,
"never":0.000222024866785,
"driver":0.000222024866785,
"officially":0.000222024866785,
"appear":0.000222024866785,
"established":0.000222024866785,
"home":0.000222024866785,
"election":0.000222024866785,
"elected":0.000222024866785,
"regained":0.000222024866785,
"generation":0.000222024866785,
"went":0.000222024866785,
"team":0.000222024866785,
"continue":0.000222024866785,
"prevented":0.000222024866785,
"ever":0.000222024866785,
"county":0.000222024866785,
"advised":0.000222024866785,
"champions":0.000222024866785,
"press":0.000222024866785,
"match":0.000222024866785,
"than":0.000222024866785,
"whose":0.000222024866785,
"held":0.000222024866785,
"defended":0.000222024866785,
"indeed":0.000222024866785,
"help":0.000222024866785,
"facto":0.000222024866785,
"endorsed":0.000222024866785
}