{
"located":0.173611111111,
"in":0.173611111111,
"school":0.166666666667,
"of":0.0486111111111,
"schools":0.0347222222222,
"states":0.0277777777778,
"near":0.0208333333333,
"on":0.0208333333333,
"largest":0.0208333333333,
"is":0.0208333333333,
"miles":0.0138888888889,
"grades":0.0138888888889,
"today":0.0138888888889,
"had":0.0138888888889,
"what":0.0138888888889,
"situated":0.0138888888889,
"at":0.0138888888889,
"including":0.0138888888889,
"added":0.0138888888889,
"election":0.00694444444444,
"typically":0.00694444444444,
"laws":0.00694444444444,
"frontier":0.00694444444444,
"portions":0.00694444444444,
"with":0.00694444444444,
"known":0.00694444444444,
"community":0.00694444444444,
"experienced":0.00694444444444,
"was":0.00694444444444,
"between":0.00694444444444,
"became":0.00694444444444,
"contained":0.00694444444444,
"to":0.00694444444444,
"quickly":0.00694444444444,
"been":0.00694444444444,
"s":0.00694444444444,
"currently":0.00694444444444,
"as":0.00694444444444,
"rest":0.00694444444444,
"number":0.00694444444444,
"territories":0.00694444444444,
"producer":0.00694444444444,
"neighborhood":0.00694444444444
}