{
"by":0.198924731183,
"game":0.114247311828,
"developed":0.0994623655914,
"published":0.0940860215054,
"was":0.0618279569892,
"video":0.0564516129032,
"sold":0.0322580645161,
"is":0.0322580645161,
"released":0.0309139784946,
"owned":0.0268817204301,
"produced":0.0188172043011,
"played":0.0161290322581,
"in":0.010752688172,
"computer":0.00940860215054,
"shooter":0.00806451612903,
"between":0.00806451612903,
"were":0.00672043010753,
"be":0.00672043010753,
"also":0.00672043010753,
"strategy":0.00672043010753,
"been":0.00672043010753,
"at":0.00672043010753,
"action":0.00537634408602,
"created":0.00537634408602,
"actionadventure":0.00537634408602,
"series":0.00537634408602,
"that":0.00537634408602,
"racing":0.00537634408602,
"to":0.00537634408602,
"being":0.00537634408602,
"later":0.00537634408602,
"magazine":0.00403225806452,
"puzzle":0.00403225806452,
"firstperson":0.00403225806452,
"of":0.00403225806452,
"publication":0.00403225806452,
"sports":0.00403225806452,
"adventure":0.00268817204301,
"against":0.00268817204301,
"edition":0.00268817204301,
"off":0.00268817204301,
"on":0.00268817204301,
"card":0.00268817204301,
"with":0.00268817204301,
"now":0.00268817204301,
"from":0.00268817204301,
"known":0.00268817204301,
"journal":0.00268817204301,
"ported":0.00268817204301,
"for":0.00268817204301,
"console":0.00268817204301,
"still":0.00268817204301,
"are":0.00268817204301,
"show":0.00268817204301,
"originally":0.00134408602151,
"defending":0.00134408602151,
"arcade":0.00134408602151,
"founded":0.00134408602151,
"champion":0.00134408602151,
"run":0.00134408602151,
"announced":0.00134408602151,
"which":0.00134408602151,
"written":0.00134408602151,
"currently":0.00134408602151,
"most":0.00134408602151,
"contested":0.00134408602151,
"sciencefiction":0.00134408602151,
"as":0.00134408602151,
"not":0.00134408602151,
"wrestling":0.00134408602151,
"formerly":0.00134408602151
}