{
"in":0.201581027668,
"operates":0.0909090909091,
"offices":0.0592885375494,
"has":0.0513833992095,
"expanded":0.0474308300395,
"largest":0.0395256916996,
"branches":0.0316205533597,
"to":0.0276679841897,
"also":0.0276679841897,
"founded":0.0276679841897,
"operations":0.0276679841897,
"operating":0.0237154150198,
"with":0.0197628458498,
"headquartered":0.0197628458498,
"was":0.0197628458498,
"currently":0.0197628458498,
"is":0.0158102766798,
"had":0.0158102766798,
"from":0.0158102766798,
"stores":0.0158102766798,
"subsidiaries":0.0118577075099,
"now":0.0118577075099,
"body":0.0118577075099,
"for":0.0118577075099,
"primarily":0.0118577075099,
"as":0.0118577075099,
"agency":0.0118577075099,
"of":0.00790513833992,
"countries":0.00790513833992,
"services":0.00790513833992,
"company":0.00790513833992,
"offers":0.00790513833992,
"centers":0.00790513833992,
"including":0.00790513833992,
"into":0.00790513833992,
"presence":0.00790513833992,
"radio":0.00395256916996,
"organization":0.00395256916996,
"banks":0.00395256916996,
"s":0.00395256916996,
"on":0.00395256916996,
"outlets":0.00395256916996,
"under":0.00395256916996,
"member":0.00395256916996,
"been":0.00395256916996,
"out":0.00395256916996,
"throughout":0.00395256916996,
"society":0.00395256916996
}