{
"served":0.0837118754056,
"member":0.0733290071382,
"in":0.0713822193381,
"of":0.0713822193381,
"was":0.0622972096042,
"elected":0.0590525632706,
"for":0.0363400389358,
"to":0.0350421804023,
"as":0.0304996755354,
"represented":0.0298507462687,
"seat":0.0233614536016,
"also":0.020116807268,
"from":0.0181700194679,
"entered":0.015574302401,
"leader":0.015574302401,
"governor":0.0142764438676,
"at":0.0129785853342,
"born":0.0129785853342,
"has":0.0129785853342,
"later":0.0123296560675,
"is":0.0116807268008,
"district":0.0116807268008,
"politician":0.0110317975341,
"had":0.0103828682674,
"arrived":0.00973393900065,
"on":0.00973393900065,
"then":0.00973393900065,
"representing":0.00843608046723,
"first":0.00778715120052,
"with":0.00778715120052,
"candidate":0.00778715120052,
"settled":0.00713822193381,
"represent":0.00713822193381,
"won":0.0064892926671,
"s":0.00584036340039,
"campaign":0.00584036340039,
"who":0.00584036340039,
"resident":0.00519143413368,
"against":0.00519143413368,
"delegate":0.00519143413368,
"again":0.00454250486697,
"defeated":0.00454250486697,
"became":0.00454250486697,
"state":0.00454250486697,
"admitted":0.00454250486697,
"bar":0.00454250486697,
"mountain":0.00389357560026,
"reelected":0.00389357560026,
"range":0.00389357560026,
"stood":0.00389357560026,
"when":0.00324464633355,
"constituency":0.00324464633355,
"contested":0.00324464633355,
"where":0.00324464633355,
"practice":0.00324464633355,
"before":0.00324464633355,
"mayor":0.00324464633355,
"serve":0.00259571706684,
"race":0.00259571706684,
"formerly":0.00259571706684,
"began":0.00194678780013,
"native":0.00194678780013,
"have":0.00194678780013,
"until":0.00194678780013,
"resided":0.00194678780013,
"terms":0.00194678780013,
"home":0.00194678780013,
"located":0.00194678780013,
"after":0.00129785853342,
"general":0.00129785853342,
"moved":0.00129785853342,
"nominee":0.00129785853342,
"while":0.00129785853342,
"commenced":0.00129785853342,
"ran":0.00129785853342,
"been":0.00129785853342,
"settling":0.00129785853342,
"graduated":0.00129785853342,
"be":0.00129785853342,
"are":0.00129785853342,
"attorney":0.00129785853342,
"twice":0.00129785853342,
"woman":0.00129785853342,
"birthplace":0.00129785853342,
"defeating":0.00064892926671,
"off":0.00064892926671,
"most":0.00064892926671,
"which":0.00064892926671,
"waterway":0.00064892926671,
"division":0.00064892926671,
"transferred":0.00064892926671,
"official":0.00064892926671,
"made":0.00064892926671,
"interred":0.00064892926671,
"becoming":0.00064892926671,
"there":0.00064892926671,
"down":0.00064892926671,
"into":0.00064892926671,
"hometown":0.00064892926671,
"c":0.00064892926671,
"since":0.00064892926671,
"back":0.00064892926671,
"successfully":0.00064892926671,
"become":0.00064892926671,
"victories":0.00064892926671,
"married":0.00064892926671,
"lost":0.00064892926671,
"now":0.00064892926671,
"during":0.00064892926671,
"not":0.00064892926671,
"returned":0.00064892926671,
"winning":0.00064892926671,
"byelection":0.00064892926671,
"being":0.00064892926671
}