{
"in":0.0828416332311,
"was":0.0509794666037,
"to":0.0396506962473,
"played":0.0389426481001,
"at":0.0332782629219,
"of":0.0328062308237,
"served":0.0325702147746,
"then":0.0243096530564,
"also":0.0238376209582,
"for":0.0226575407128,
"joined":0.0224215246637,
"worked":0.0214774604673,
"moved":0.0195893320746,
"appointed":0.0195893320746,
"later":0.0167571394855,
"from":0.0167571394855,
"as":0.0165211234364,
"member":0.01557705924,
"is":0.0136889308473,
"professor":0.0134529147982,
"on":0.0132168987491,
"born":0.0125088506018,
"returned":0.0122728345527,
"died":0.0118008024546,
"with":0.0118008024546,
"named":0.0118008024546,
"has":0.0118008024546,
"had":0.0118008024546,
"director":0.00991267406184,
"awarded":0.00991267406184,
"represented":0.00944064196365,
"buried":0.00896860986547,
"graduated":0.00896860986547,
"been":0.00802454566911,
"currently":0.00802454566911,
"first":0.00778852962001,
"serving":0.00778852962001,
"lived":0.00731649752183,
"who":0.00708048147274,
"serves":0.00684446542365,
"attended":0.00660844937456,
"came":0.00637243332547,
"mayor":0.00637243332547,
"again":0.00590040122728,
"living":0.00590040122728,
"married":0.00590040122728,
"lives":0.00566438517819,
"arrived":0.00519235308001,
"when":0.00519235308001,
"against":0.00495633703092,
"elected":0.00495633703092,
"return":0.00472032098183,
"governor":0.00448430493274,
"be":0.00448430493274,
"became":0.00424828888364,
"before":0.00424828888364,
"by":0.00401227283455,
"where":0.00401227283455,
"family":0.00377625678546,
"have":0.00354024073637,
"brought":0.00354024073637,
"now":0.00354024073637,
"while":0.00306820863819,
"moving":0.00306820863819,
"s":0.00306820863819,
"formerly":0.00306820863819,
"village":0.0028321925891,
"settled":0.0028321925891,
"resides":0.0028321925891,
"relocated":0.0028321925891,
"schools":0.0028321925891,
"president":0.00259617654,
"resident":0.00259617654,
"head":0.00259617654,
"home":0.00259617654,
"defeated":0.00236016049091,
"until":0.00236016049091,
"arrested":0.00236016049091,
"most":0.00212414444182,
"after":0.00212414444182,
"town":0.00212414444182,
"interred":0.00212414444182,
"taken":0.00212414444182,
"working":0.00212414444182,
"campaign":0.00212414444182,
"back":0.00212414444182,
"twice":0.00212414444182,
"flew":0.00212414444182,
"spent":0.00188812839273,
"practiced":0.00188812839273,
"law":0.00188812839273,
"educated":0.00188812839273,
"never":0.00188812839273,
"based":0.00188812839273,
"trained":0.00165211234364,
"won":0.00165211234364,
"near":0.00165211234364,
"since":0.00165211234364,
"works":0.00165211234364,
"soon":0.00165211234364,
"over":0.00165211234364,
"being":0.00165211234364,
"which":0.00141609629455,
"were":0.00141609629455,
"up":0.00141609629455,
"engaged":0.00141609629455,
"schooling":0.00141609629455,
"raised":0.00141609629455,
"did":0.00141609629455,
"only":0.00141609629455,
"mainly":0.00141609629455,
"once":0.00118008024546,
"there":0.00118008024546,
"come":0.00118008024546,
"between":0.00118008024546,
"out":0.00118008024546,
"that":0.000944064196365,
"city":0.000944064196365,
"become":0.000944064196365,
"run":0.000944064196365,
"election":0.000944064196365,
"not":0.000944064196365,
"representing":0.000944064196365,
"just":0.000944064196365,
"person":0.000708048147274,
"residing":0.000708048147274,
"instead":0.000708048147274,
"declared":0.000708048147274,
"grew":0.000708048147274,
"part":0.000708048147274,
"mostly":0.000708048147274,
"side":0.000708048147274,
"made":0.000708048147274,
"migrated":0.000708048147274,
"represent":0.000708048147274,
"time":0.000472032098183,
"together":0.000472032098183,
"onto":0.000472032098183,
"around":0.000472032098183,
"homes":0.000472032098183,
"becoming":0.000472032098183,
"into":0.000472032098183,
"already":0.000472032098183,
"coaches":0.000472032098183,
"during":0.000472032098183,
"candidate":0.000472032098183,
"down":0.000472032098183,
"still":0.000472032098183,
"so":0.000236016049091,
"well":0.000236016049091,
"appearances":0.000236016049091,
"serve":0.000236016049091,
"divides":0.000236016049091,
"split":0.000236016049091,
"began":0.000236016049091,
"spends":0.000236016049091,
"remained":0.000236016049091,
"sent":0.000236016049091,
"splits":0.000236016049091,
"portions":0.000236016049091,
"off":0.000236016049091,
"award":0.000236016049091,
"pitcher":0.000236016049091,
"much":0.000236016049091,
"whom":0.000236016049091,
"encompasses":0.000236016049091,
"honor":0.000236016049091,
"times":0.000236016049091,
"across":0.000236016049091,
"ever":0.000236016049091,
"tournaments":0.000236016049091,
"judge":0.000236016049091,
"leader":0.000236016049091,
"represents":0.000236016049091,
"de":0.000236016049091,
"under":0.000236016049091,
"mother":0.000236016049091,
"go":0.000236016049091,
"through":0.000236016049091,
"nominated":0.000236016049091,
"league":0.000236016049091
}