{
"joins":0.291666666667,
"joined":0.166666666667,
"is":0.166666666667,
"by":0.0833333333333,
"receives":0.0833333333333,
"where":0.0416666666667,
"tributary":0.0416666666667,
"with":0.0416666666667,
"which":0.0416666666667,
"then":0.0416666666667
}