{
"to":0.038103733911,
"gt":0.0377214221996,
"ref":0.0354275519307,
"married":0.0342806167962,
"with":0.0330062444246,
"was":0.0299477507328,
"of":0.0281636294125,
"lt":0.0265069453294,
"as":0.0234484516376,
"also":0.0231935771632,
"by":0.0196253345227,
"known":0.0169491525424,
"s":0.0165668408309,
"son":0.0161845291194,
"daughter":0.0159296546451,
"worked":0.0158022174079,
"is":0.0151650312221,
"appeared":0.0144004077992,
"had":0.0141455333248,
"played":0.0136357843762,
"called":0.0131260354276,
"served":0.0128711609532,
"met":0.0119791002931,
"wife":0.0114693513445,
"that":0.0109596023958,
"then":0.0108321651587,
"wrote":0.0104498534472,
"has":0.01032241621,
"performed":0.00943035554989,
"where":0.00930291831273,
"took":0.00879316936409,
"in":0.00853829488977,
"work":0.00853829488977,
"later":0.00790110870396,
"killed":0.0077736714668,
"alongside":0.00764623422964,
"who":0.00739135975532,
"when":0.00726392251816,
"seen":0.007136485281,
"left":0.00675417356952,
"for":0.00637186185803,
"told":0.00624442462087,
"starred":0.00624442462087,
"asked":0.00611698738371,
"won":0.00611698738371,
"sister":0.00598955014655,
"died":0.00586211290939,
"moved":0.00560723843507,
"while":0.00547980119791,
"name":0.00547980119791,
"husband":0.00535236396075,
"gave":0.00535236396075,
"cast":0.00522492672359,
"taken":0.00509748948643,
"have":0.00497005224927,
"on":0.00497005224927,
"which":0.00484261501211,
"been":0.00484261501211,
"after":0.00484261501211,
"children":0.00484261501211,
"mother":0.00471517777495,
"time":0.00471517777495,
"born":0.00471517777495,
"lived":0.00458774053779,
"directed":0.00446030330062,
"under":0.00446030330062,
"first":0.00433286606346,
"led":0.00433286606346,
"tells":0.0042054288263,
"death":0.0042054288263,
"remained":0.00382311711482,
"from":0.00382311711482,
"cousin":0.00382311711482,
"stated":0.0035682426405,
"along":0.00344080540334,
"engaged":0.00318593092902,
"declared":0.00318593092902,
"actor":0.00305849369186,
"actress":0.00305849369186,
"director":0.0029310564547,
"sons":0.00280361921754,
"marriage":0.00280361921754,
"appearance":0.00280361921754,
"relationship":0.00280361921754,
"fell":0.00267618198037,
"know":0.00267618198037,
"be":0.00267618198037,
"stars":0.00267618198037,
"campaign":0.00254874474321,
"before":0.00254874474321,
"lives":0.00242130750605,
"over":0.00242130750605,
"brothers":0.00229387026889,
"again":0.00229387026889,
"child":0.00229387026889,
"life":0.00229387026889,
"best":0.00229387026889,
"widow":0.00216643303173,
"up":0.00203899579457,
"ahead":0.00203899579457,
"meet":0.00203899579457,
"at":0.00191155855741,
"buried":0.00191155855741,
"became":0.00191155855741,
"often":0.00178412132025,
"twice":0.00178412132025,
"stayed":0.00178412132025,
"tell":0.00165668408309,
"producer":0.00152924684593,
"currently":0.00152924684593,
"marry":0.00152924684593,
"not":0.00152924684593,
"developed":0.00152924684593,
"together":0.00140180960877,
"initially":0.00140180960877,
"divorced":0.00140180960877,
"until":0.00140180960877,
"guest":0.00140180960877,
"out":0.00140180960877,
"de":0.00140180960877,
"proposed":0.00140180960877,
"visit":0.00127437237161,
"about":0.00127437237161,
"showed":0.00127437237161,
"well":0.00114693513445,
"off":0.00114693513445,
"costarred":0.00114693513445,
"more":0.00101949789729,
"whom":0.00101949789729,
"there":0.00101949789729,
"remains":0.00101949789729,
"mistress":0.00101949789729,
"against":0.00101949789729,
"companion":0.00101949789729,
"p":0.00101949789729,
"now":0.00101949789729,
"wedding":0.00101949789729,
"since":0.00101949789729,
"so":0.000892060660125,
"began":0.000892060660125,
"accessed":0.000892060660125,
"were":0.000892060660125,
"lead":0.000892060660125,
"times":0.000892060660125,
"page":0.000892060660125,
"remove":0.000892060660125,
"birth":0.000892060660125,
"once":0.000764623422964,
"consort":0.000764623422964,
"survived":0.000764623422964,
"part":0.000764623422964,
"champion":0.000764623422964,
"welcomed":0.000764623422964,
"among":0.000764623422964,
"world":0.000764623422964,
"grew":0.000764623422964,
"pp":0.000637186185803,
"never":0.000637186185803,
"found":0.000637186185803,
"behind":0.000637186185803,
"away":0.000637186185803,
"what":0.000637186185803,
"being":0.000637186185803,
"if":0.000509748948643,
"separated":0.000509748948643,
"pole":0.000509748948643,
"formerly":0.000509748948643,
"childhood":0.000509748948643,
"said":0.000509748948643,
"back":0.000509748948643,
"joined":0.000509748948643,
"wives":0.000509748948643,
"how":0.000509748948643,
"still":0.000509748948643,
"soon":0.000509748948643,
"secondly":0.000509748948643,
"sometimes":0.000382311711482,
"most":0.000382311711482,
"why":0.000382311711482,
"whether":0.000382311711482,
"resides":0.000382311711482,
"mostly":0.000382311711482,
"betrothed":0.000382311711482,
"into":0.000382311711482,
"followed":0.000382311711482,
"usually":0.000382311711482,
"got":0.000382311711482,
"between":0.000382311711482,
"near":0.000382311711482,
"marries":0.000382311711482,
"become":0.000382311711482,
"d":0.000382311711482,
"only":0.000382311711482,
"better":0.000382311711482,
"writer":0.000382311711482,
"whose":0.000382311711482,
"mainly":0.000382311711482,
"went":0.000254874474321,
"especially":0.000254874474321,
"pages":0.000254874474321,
"upon":0.000254874474321,
"briefly":0.000254874474321,
"margin":0.000254874474321,
"becoming":0.000254874474321,
"divorce":0.000254874474321,
"done":0.000254874474321,
"because":0.000254874474321,
"down":0.000254874474321,
"already":0.000254874474321,
"studied":0.000254874474321,
"career":0.000254874474321,
"reported":0.000254874474321,
"carried":0.000254874474321,
"costar":0.000254874474321,
"although":0.000254874474321,
"given":0.000254874474321,
"dating":0.000254874474321,
"are":0.000254874474321,
"attended":0.000254874474321,
"set":0.000254874474321,
"dominate":0.000254874474321,
"exwife":0.000254874474321,
"get":0.000254874474321,
"returned":0.000254874474321,
"blockquote":0.000254874474321,
"c":0.000254874474321,
"just":0.000254874474321,
"through":0.000254874474321,
"veteran":0.000127437237161,
"reports":0.000127437237161,
"home":0.000127437237161,
"younger":0.000127437237161,
"opportunity":0.000127437237161,
"chance":0.000127437237161,
"students":0.000127437237161,
"though":0.000127437237161,
"championship":0.000127437237161,
"scored":0.000127437237161,
"take":0.000127437237161,
"graduate":0.000127437237161,
"parish":0.000127437237161,
"winter":0.000127437237161,
"issue":0.000127437237161,
"film":0.000127437237161,
"aged":0.000127437237161,
"fellow":0.000127437237161,
"al":0.000127437237161,
"received":0.000127437237161,
"almost":0.000127437237161,
"patron":0.000127437237161,
"play":0.000127437237161,
"ever":0.000127437237161,
"defeated":0.000127437237161,
"match":0.000127437237161,
"did":0.000127437237161,
"made":0.000127437237161,
"king":0.000127437237161,
"painter":0.000127437237161,
"champions":0.000127437237161,
"copy":0.000127437237161,
"gain":0.000127437237161,
"getting":0.000127437237161,
"started":0.000127437237161,
"way":0.000127437237161,
"awarded":0.000127437237161,
"select":0.000127437237161,
"singing":0.000127437237161,
"described":0.000127437237161,
"members":0.000127437237161,
"block":0.000127437237161,
"studies":0.000127437237161,
"history":0.000127437237161,
"awards":0.000127437237161,
"according":0.000127437237161,
"taking":0.000127437237161,
"stage":0.000127437237161,
"accompanied":0.000127437237161,
"ranked":0.000127437237161,
"remarried":0.000127437237161,
"here":0.000127437237161,
"friends":0.000127437237161,
"driver":0.000127437237161,
"concubine":0.000127437237161,
"include":0.000127437237161,
"election":0.000127437237161,
"showcase":0.000127437237161,
"et":0.000127437237161,
"see":0.000127437237161,
"eloped":0.000127437237161,
"regained":0.000127437237161,
"loved":0.000127437237161,
"county":0.000127437237161,
"works":0.000127437237161,
"release":0.000127437237161,
"team":0.000127437237161,
"continue":0.000127437237161,
"leave":0.000127437237161,