{
"worked":0.0655919955531,
"son":0.0550305725403,
"with":0.0450250138966,
"met":0.0428015564202,
"to":0.0400222345748,
"defeated":0.035575319622,
"by":0.0350194552529,
"left":0.0283490828238,
"was":0.0283490828238,
"lost":0.0277932184547,
"also":0.0266814897165,
"won":0.0261256253474,
"hit":0.0244580322401,
"held":0.0216787103947,
"led":0.0188993885492,
"had":0.0188993885492,
"then":0.0166759310728,
"of":0.0161200667037,
"where":0.0161200667037,
"turned":0.0155642023346,
"trained":0.0155642023346,
"as":0.0150083379655,
"has":0.0150083379655,
"win":0.0122290161201,
"s":0.0122290161201,
"under":0.0122290161201,
"teamed":0.0122290161201,
"who":0.011673151751,
"later":0.0111172873819,
"taught":0.0111172873819,
"from":0.0100055586437,
"after":0.0100055586437,
"while":0.0094496942746,
"when":0.0088938299055,
"that":0.0088938299055,
"ahead":0.0088938299055,
"training":0.00833796553641,
"face":0.00778210116732,
"again":0.00778210116732,
"up":0.00778210116732,
"is":0.00722623679822,
"defeating":0.00722623679822,
"in":0.00667037242913,
"took":0.00667037242913,
"on":0.00611450806003,
"off":0.00555864369094,
"for":0.00555864369094,
"first":0.00500277932185,
"before":0.00500277932185,
"over":0.00500277932185,
"feud":0.00444691495275,
"which":0.00444691495275,
"have":0.00444691495275,
"received":0.00444691495275,
"lead":0.00389105058366,
"began":0.00389105058366,
"train":0.00389105058366,
"along":0.00389105058366,
"champion":0.00333518621456,
"world":0.00333518621456,
"be":0.00277932184547,
"out":0.00277932184547,
"until":0.00222345747638,
"whom":0.00222345747638,
"pole":0.00222345747638,
"against":0.00222345747638,
"since":0.00222345747638,
"together":0.00166759310728,
"started":0.00166759310728,
"been":0.00166759310728,
"followed":0.00166759310728,
"among":0.00166759310728,
"got":0.00166759310728,
"away":0.00166759310728,
"de":0.00166759310728,
"teaming":0.00166759310728,
"mainly":0.00166759310728,
"if":0.00111172873819,
"at":0.00111172873819,
"margin":0.00111172873819,
"were":0.00111172873819,
"more":0.00111172873819,
"caught":0.00111172873819,
"became":0.00111172873819,
"career":0.00111172873819,
"carried":0.00111172873819,
"eye":0.00111172873819,
"dominate":0.00111172873819,
"behind":0.00111172873819,
"back":0.00111172873819,
"often":0.00111172873819,
"now":0.00111172873819,
"through":0.00111172873819,
"soon":0.00111172873819,
"being":0.00111172873819,
"opportunity":0.000555864369094,
"most":0.000555864369094,
"driven":0.000555864369094,
"driver":0.000555864369094,
"championship":0.000555864369094,
"take":0.000555864369094,
"winter":0.000555864369094,
"wrestler":0.000555864369094,
"champions":0.000555864369094,
"mostly":0.000555864369094,
"passed":0.000555864369094,
"much":0.000555864369094,
"there":0.000555864369094,
"singing":0.000555864369094,
"county":0.000555864369094,
"into":0.000555864369094,
"formerly":0.000555864369094,
"studies":0.000555864369094,
"turn":0.000555864369094,
"mdash":0.000555864369094,
"taking":0.000555864369094,
"getting":0.000555864369094,
"stage":0.000555864369094,
"awards":0.000555864369094,
"however":0.000555864369094,
"never":0.000555864369094,
"cars":0.000555864369094,
"between":0.000555864369094,
"home":0.000555864369094,
"regained":0.000555864369094,
"set":0.000555864369094,
"went":0.000555864369094,
"team":0.000555864369094,
"continue":0.000555864369094,
"twice":0.000555864369094,
"did":0.000555864369094,
"down":0.000555864369094,
"assistant":0.000555864369094,
"prevented":0.000555864369094,
"gave":0.000555864369094,
"match":0.000555864369094,
"only":0.000555864369094,
"winning":0.000555864369094,
"majority":0.000555864369094,
"whose":0.000555864369094,
"just":0.000555864369094
}