{
"built":0.191588785047,
"by":0.163551401869,
"was":0.140186915888,
"designed":0.126168224299,
"architect":0.0560747663551,
"home":0.0514018691589,
"for":0.0420560747664,
"is":0.0280373831776,
"were":0.018691588785,
"architects":0.018691588785,
"been":0.018691588785,
"also":0.0140186915888,
"to":0.0140186915888,
"as":0.0140186915888,
"of":0.00934579439252,
"with":0.00934579439252,
"be":0.00934579439252,
"between":0.00934579439252,
"at":0.00934579439252,
"once":0.00467289719626,
"noted":0.00467289719626,
"up":0.00467289719626,
"on":0.00467289719626,
"known":0.00467289719626,
"after":0.00467289719626,
"around":0.00467289719626,
"who":0.00467289719626,
"from":0.00467289719626,
"in":0.00467289719626,
"over":0.00467289719626,
"house":0.00467289719626
}