{
"in":0.197452229299,
"built":0.133757961783,
"was":0.114649681529,
"launched":0.0700636942675,
"produced":0.0700636942675,
"is":0.0636942675159,
"sold":0.0573248407643,
"at":0.0382165605096,
"been":0.031847133758,
"manufactured":0.0254777070064,
"from":0.0254777070064,
"by":0.0191082802548,
"imported":0.0191082802548,
"be":0.0191082802548,
"assembled":0.0191082802548,
"were":0.0127388535032,
"near":0.0127388535032,
"first":0.00636942675159,
"of":0.00636942675159,
"on":0.00636942675159,
"along":0.00636942675159,
"most":0.00636942675159,
"has":0.00636942675159,
"also":0.00636942675159,
"length":0.00636942675159,
"to":0.00636942675159,
"being":0.00636942675159,
"then":0.00636942675159
}