{
"campuses":0.363636363636,
"in":0.272727272727,
"university":0.121212121212,
"with":0.0909090909091,
"has":0.0909090909091,
"located":0.0606060606061
}