{
"declared":0.396825396825,
"was":0.174603174603,
"by":0.0952380952381,
"canonized":0.0793650793651,
"beatified":0.047619047619,
"that":0.047619047619,
"had":0.031746031746,
"to":0.031746031746,
"saint":0.015873015873,
"been":0.015873015873,
"as":0.015873015873,
"also":0.015873015873,
"when":0.015873015873,
"is":0.015873015873
}