{
"film":0.214962121212,
"directed":0.1875,
"starring":0.147727272727,
"by":0.119318181818,
"written":0.0520833333333,
"comedy":0.0407196969697,
"drama":0.0350378787879,
"thriller":0.0184659090909,
"crime":0.0160984848485,
"produced":0.015625,
"action":0.014678030303,
"horror":0.0123106060606,
"is":0.00899621212121,
"was":0.00757575757576,
"comedydrama":0.00710227272727,
"feature":0.00710227272727,
"documentary":0.00662878787879,
"adventure":0.00568181818182,
"featuring":0.00568181818182,
"known":0.00520833333333,
"movie":0.00473484848485,
"mystery":0.00426136363636,
"also":0.00426136363636,
"with":0.00378787878788,
"war":0.00331439393939,
"as":0.00331439393939,
"language":0.00284090909091,
"released":0.00284090909091,
"stars":0.00284090909091,
"romance":0.00284090909091,
"fantasy":0.00284090909091,
"family":0.00284090909091,
"based":0.00236742424242,
"adapted":0.00189393939394,
"about":0.00189393939394,
"television":0.00189393939394,
"noir":0.00189393939394,
"starred":0.00142045454545,
"aka":0.00142045454545,
"from":0.00142045454545,
"that":0.00142045454545,
"arts":0.00142045454545,
"road":0.00094696969697,
"into":0.00094696969697,
"made":0.00094696969697,
"in":0.00094696969697,
"color":0.00094696969697,
"edited":0.00094696969697,
"detective":0.00094696969697,
"screenplay":0.00094696969697,
"of":0.000473484848485,
"cast":0.000473484848485,
"created":0.000473484848485,
"which":0.000473484848485,
"gentleman":0.000473484848485,
"assassination":0.000473484848485,
"script":0.000473484848485,
"sports":0.000473484848485,
"article":0.000473484848485,
"at":0.000473484848485,
"cult":0.000473484848485,
"titled":0.000473484848485,
"gt":0.000473484848485
}