{
"fought":0.227272727273,
"was":0.166666666667,
"by":0.0757575757576,
"between":0.0606060606061,
"of":0.0454545454545,
"led":0.0454545454545,
"under":0.0454545454545,
"forces":0.0454545454545,
"battle":0.0454545454545,
"in":0.0454545454545,
"is":0.030303030303,
"waited":0.0151515151515,
"undertaken":0.0151515151515,
"against":0.0151515151515,
"on":0.0151515151515,
"during":0.0151515151515,
"occurred":0.0151515151515,
"resulted":0.0151515151515,
"when":0.0151515151515,
"army":0.0151515151515,
"for":0.0151515151515,
"force":0.0151515151515
}