{
"by":0.215517241379,
"written":0.206896551724,
"song":0.198275862069,
"was":0.112068965517,
"created":0.051724137931,
"composed":0.0344827586207,
"is":0.0258620689655,
"with":0.0258620689655,
"for":0.0258620689655,
"that":0.0172413793103,
"folk":0.00862068965517,
"as":0.00862068965517,
"in":0.00862068965517,
"were":0.00862068965517,
"been":0.00862068965517,
"s":0.00862068965517,
"from":0.00862068965517,
"after":0.00862068965517,
"about":0.00862068965517,
"on":0.00862068965517
}