{
"in":0.0984791284651,
"was":0.0530687088771,
"to":0.0463811886528,
"of":0.0358105921691,
"at":0.0293387984036,
"played":0.0248085427678,
"for":0.0218962355733,
"also":0.0206018768202,
"then":0.0181210225434,
"served":0.0175817063963,
"died":0.0171502534786,
"from":0.0139143565958,
"moved":0.0134829036781,
"born":0.0134829036781,
"as":0.0125121346133,
"is":0.0115413655485,
"later":0.0113256390896,
"joined":0.0106784597131,
"worked":0.0105705964837,
"has":0.0100312803365,
"appointed":0.0100312803365,
"had":0.00992341710711,
"with":0.00852119512458,
"on":0.00841333189516,
"left":0.00841333189516,
"been":0.00776615251861,
"spent":0.00733469960091,
"member":0.00722683637148,
"returned":0.00701110991263,
"matches":0.00690324668321,
"buried":0.00679538345378,
"lived":0.00657965699493,
"professor":0.00614820407723,
"named":0.00593247761838,
"president":0.00582461438895,
"against":0.00550102470068,
"selected":0.00539316147125,
"awarded":0.0051774350124,
"s":0.00506957178298,
"first":0.00506957178298,
"by":0.00496170855355,
"years":0.00496170855355,
"debut":0.00485384532413,
"became":0.00463811886528,
"won":0.00463811886528,
"who":0.00453025563585,
"represented":0.00453025563585,
"chairman":0.00442239240643,
"attended":0.00442239240643,
"head":0.00420666594758,
"when":0.00409880271815,
"founded":0.00409880271815,
"home":0.00399093948873,
"be":0.0038830762593,
"again":0.00377521302988,
"family":0.00377521302988,
"visited":0.00366734980045,
"settled":0.00355948657103,
"established":0.00355948657103,
"elected":0.0034516233416,
"brought":0.0034516233416,
"traveled":0.00323589688275,
"time":0.00312803365333,
"entered":0.00312803365333,
"married":0.0030201704239,
"practice":0.0030201704239,
"came":0.00291230719448,
"have":0.00291230719448,
"killed":0.00291230719448,
"before":0.00291230719448,
"up":0.00280444396505,
"back":0.00280444396505,
"director":0.00280444396505,
"appeared":0.00280444396505,
"where":0.00280444396505,
"honored":0.00269658073563,
"living":0.00269658073563,
"ran":0.0025887175062,
"arrived":0.0025887175062,
"mayor":0.0025887175062,
"return":0.00248085427678,
"based":0.00226512781793,
"ambassador":0.0021572645885,
"known":0.0021572645885,
"capital":0.0021572645885,
"invited":0.00204940135908,
"took":0.00204940135908,
"over":0.00204940135908,
"school":0.00204940135908,
"bishop":0.00194153812965,
"near":0.00194153812965,
"governor":0.00194153812965,
"held":0.00194153812965,
"called":0.00183367490023,
"into":0.00183367490023,
"graduated":0.00183367490023,
"fled":0.00183367490023,
"candidate":0.00183367490023,
"king":0.00183367490023,
"interred":0.00183367490023,
"commissioned":0.00183367490023,
"until":0.00183367490023,
"met":0.00183367490023,
"while":0.00183367490023,
"moving":0.0017258116708,
"serve":0.0017258116708,
"founder":0.0017258116708,
"given":0.00161794844138,
"arrested":0.00161794844138,
"after":0.00161794844138,
"work":0.00161794844138,
"relocated":0.00161794844138,
"extensively":0.00151008521195,
"schools":0.00151008521195,
"come":0.00151008521195,
"which":0.00151008521195,
"state":0.00151008521195,
"retired":0.00151008521195,
"returning":0.00151008521195,
"formerly":0.00140222198253,
"admitted":0.00140222198253,
"ruler":0.00140222198253,
"practiced":0.00140222198253,
"set":0.00140222198253,
"serving":0.00140222198253,
"members":0.00140222198253,
"heart":0.00140222198253,
"join":0.00140222198253,
"made":0.0012943587531,
"ruled":0.0012943587531,
"death":0.0012943587531,
"being":0.0012943587531,
"resident":0.0012943587531,
"minister":0.0012943587531,
"village":0.0012943587531,
"currently":0.0012943587531,
"most":0.0012943587531,
"built":0.0012943587531,
"transferred":0.0012943587531,
"soon":0.0012943587531,
"travel":0.0012943587531,
"law":0.0012943587531,
"stayed":0.0012943587531,
"cap":0.0012943587531,
"working":0.0012943587531,
"studied":0.0012943587531,
"commenced":0.00118649552368,
"there":0.00118649552368,
"captured":0.00118649552368,
"remained":0.00118649552368,
"were":0.00118649552368,
"grew":0.00118649552368,
"that":0.00118649552368,
"flew":0.00118649552368,
"performed":0.00118649552368,
"live":0.00118649552368,
"hospital":0.00118649552368,
"never":0.00118649552368,
"rule":0.00107863229425,
"educated":0.00107863229425,
"taken":0.00107863229425,
"become":0.00107863229425,
"accompanied":0.00107863229425,
"not":0.00107863229425,
"control":0.00107863229425,
"town":0.00107863229425,
"involved":0.00107863229425,
"leave":0.00107863229425,
"son":0.000970769064826,
"raised":0.000970769064826,
"twice":0.000970769064826,
"only":0.000970769064826,
"attack":0.000970769064826,
"city":0.000970769064826,
"since":0.000970769064826,
"opened":0.000970769064826,
"out":0.000970769064826,
"tours":0.000970769064826,
"represent":0.000970769064826,
"taught":0.000862905835401,
"escape":0.000862905835401,
"just":0.000862905835401,
"began":0.000862905835401,
"applied":0.000862905835401,
"recalled":0.000862905835401,
"received":0.000862905835401,
"champion":0.000862905835401,
"cemetery":0.000862905835401,
"exiled":0.000862905835401,
"now":0.000862905835401,
"delegate":0.000862905835401,
"leader":0.000755042605976,
"district":0.000755042605976,
"place":0.000755042605976,
"consecrated":0.000755042605976,
"escaped":0.000755042605976,
"employed":0.000755042605976,
"started":0.000755042605976,
"eventually":0.000755042605976,
"once":0.000647179376551,
"church":0.000647179376551,
"residing":0.000647179376551,
"politician":0.000647179376551,
"resided":0.000647179376551,
"career":0.000647179376551,
"between":0.000647179376551,
"during":0.000647179376551,
"shot":0.000647179376551,
"aged":0.000647179376551,
"invasion":0.000647179376551,
"resumed":0.000647179376551,
"crowned":0.000647179376551,
"medicine":0.000647179376551,
"house":0.000647179376551,
"mainly":0.000647179376551,
"history":0.000647179376551,
"schooling":0.000647179376551,
"did":0.000647179376551,
"stay":0.000539316147125,
"education":0.000539316147125,
"posted":0.000539316147125,
"editor":0.000539316147125,
"murdered":0.000539316147125,
"summoned":0.000539316147125,
"caps":0.000539316147125,
"government":0.000539316147125,
"citizen":0.000539316147125,
"rest":0.000539316147125,
"well":0.000539316147125,
"flown":0.000539316147125,
"formed":0.000539316147125,
"life":0.000539316147125,
"headed":0.000539316147125,
"cancer":0.000539316147125,
"deported":0.000539316147125,
"arrival":0.000539316147125,
"riding":0.000539316147125,
"hockey":0.000539316147125,
"earned":0.000539316147125,
"veteran":0.000539316147125,
"passed":0.000539316147125,
"flee":0.000539316147125,
"subsequently":0.000539316147125,
"title":0.000539316147125,
"succeeded":0.000539316147125,
"more":0.000539316147125,
"team":0.000539316147125,
"fell":0.0004314529177,
"emperor":0.0004314529177,
"regarded":0.0004314529177,
"followed":0.0004314529177,
"position":0.0004314529177,
"emigrated":0.0004314529177,
"parts":0.0004314529177,
"perform":0.0004314529177,
"influence":0.0004314529177,
"assassinated":0.0004314529177,
"throughout":0.0004314529177,
"volunteered":0.0004314529177,
"outside":0.0004314529177,
"away":0.0004314529177,
"failure":0.0004314529177,
"lecturer":0.0004314529177,
"premier":0.0004314529177,
"off":0.0004314529177,
"part":0.0004314529177,
"mostly":0.0004314529177,
"saint":0.0004314529177,
"already":0.0004314529177,
"divided":0.0004314529177,
"native":0.0004314529177,
"films":0.0004314529177,
"patron":0.0004314529177,
"suddenly":0.0004314529177,
"settling":0.0004314529177,
"removed":0.000323589688275,
"becoming":0.000323589688275,
"down":0.000323589688275,
"reside":0.000323589688275,
"person":0.000323589688275,
"suburb":0.000323589688275,
"rulers":0.000323589688275,
"hospitalized":0.000323589688275,
"period":0.000323589688275,
"assistant":0.000323589688275,
"occupation":0.000323589688275,
"sail":0.000323589688275,
"returns":0.000323589688275,
"ref":0.000323589688275,
"year":0.000323589688275,
"side":0.000323589688275,
"committed":0.000323589688275,
"through":0.000323589688275,
"executed":0.000323589688275,
"instead":0.000323589688275,