{
"degree":0.0714126311091,
"from":0.0698504798036,
"at":0.0553447891096,
"received":0.0542289667485,
"attended":0.0428475786655,
"in":0.0377147958045,
"was":0.0363758089712,
"s":0.0312430261102,
"earned":0.0305735326936,
"served":0.0287882169159,
"then":0.0283418879714,
"also":0.0281187234992,
"to":0.024771256416,
"graduated":0.021646953805,
"bachelor":0.0198616380272,
"later":0.0182994867217,
"holds":0.0153983485829,
"of":0.0140593617496,
"moved":0.0136130328052,
"professor":0.013389868333,
"has":0.013389868333,
"master":0.0124972104441,
"returned":0.0111582236108,
"school":0.0107118946664,
"president":0.0104887301942,
"obtained":0.0104887301942,
"studied":0.0102655657219,
"born":0.00959607230529,
"transferred":0.00959607230529,
"director":0.00937290783307,
"taught":0.00937290783307,
"awarded":0.00914974336086,
"for":0.00870341441642,
"had":0.00825708547199,
"completed":0.00803392099978,
"as":0.00781075652756,
"educated":0.00714126311091,
"with":0.00669493416648,
"law":0.00602544074983,
"education":0.00602544074983,
"where":0.00580227627762,
"entered":0.0055791118054,
"study":0.0055791118054,
"graduate":0.00535594733318,
"is":0.00490961838875,
"doctorate":0.00490961838875,
"teaches":0.00490961838875,
"degrees":0.00490961838875,
"enrolled":0.00468645391654,
"on":0.00468645391654,
"by":0.00468645391654,
"appointed":0.00446328944432,
"year":0.00446328944432,
"spent":0.0042401249721,
"dropped":0.0042401249721,
"continued":0.0042401249721,
"been":0.00379379602767,
"first":0.00379379602767,
"studies":0.00379379602767,
"before":0.00379379602767,
"given":0.00334746708324,
"became":0.00312430261102,
"who":0.00290113813881,
"now":0.00290113813881,
"currently":0.00267797366659,
"admitted":0.00245480919438,
"student":0.00200848024994,
"attend":0.00200848024994,
"graduating":0.00200848024994,
"again":0.00178531577773,
"when":0.00156215130551,
"earn":0.00156215130551,
"undergraduate":0.00156215130551,
"be":0.00156215130551,
"into":0.0013389868333,
"raised":0.0013389868333,
"after":0.00111582236108,
"have":0.00111582236108,
"economics":0.00111582236108,
"alumnus":0.00111582236108,
"become":0.00111582236108,
"back":0.00111582236108,
"based":0.00111582236108,
"transferring":0.000892657888864,
"there":0.000892657888864,
"formerly":0.000892657888864,
"soon":0.000892657888864,
"masters":0.000892657888864,
"chemistry":0.000669493416648,
"which":0.000669493416648,
"were":0.000669493416648,
"while":0.000669493416648,
"up":0.000669493416648,
"science":0.000669493416648,
"embarked":0.000669493416648,
"complete":0.000669493416648,
"until":0.000669493416648,
"got":0.000669493416648,
"out":0.000669493416648,
"architecture":0.000669493416648,
"under":0.000669493416648,
"obtain":0.000669493416648,
"migrated":0.000669493416648,
"onto":0.000446328944432,
"engineering":0.000446328944432,
"practicing":0.000446328944432,
"becoming":0.000446328944432,
"down":0.000446328944432,
"against":0.000446328944432,
"associate":0.000446328944432,
"since":0.000446328944432,
"twice":0.000446328944432,
"made":0.000446328944432,
"over":0.000446328944432,
"being":0.000446328944432,
"once":0.000223164472216,
"left":0.000223164472216,
"pupil":0.000223164472216,
"so":0.000223164472216,
"off":0.000223164472216,
"most":0.000223164472216,
"confirmed":0.000223164472216,
"grew":0.000223164472216,
"emeritus":0.000223164472216,
"more":0.000223164472216,
"retired":0.000223164472216,
"prior":0.000223164472216,
"never":0.000223164472216,
"recently":0.000223164472216,
"across":0.000223164472216,
"people":0.000223164472216,
"boarder":0.000223164472216,
"not":0.000223164472216,
"going":0.000223164472216,
"nominated":0.000223164472216,
"just":0.000223164472216
}