{
"species":0.172043010753,
"in":0.172043010753,
"of":0.129032258065,
"plant":0.129032258065,
"flowering":0.118279569892,
"family":0.118279569892,
"known":0.0430107526882,
"tree":0.0322580645161,
"is":0.0322580645161,
"shrub":0.0322580645161,
"by":0.010752688172,
"commonly":0.010752688172
}