{
"replaced":0.249056603774,
"formed":0.105660377358,
"by":0.0943396226415,
"with":0.0679245283019,
"was":0.0490566037736,
"as":0.0264150943396,
"were":0.022641509434,
"then":0.022641509434,
"also":0.022641509434,
"is":0.0188679245283,
"had":0.0188679245283,
"later":0.0150943396226,
"singer":0.0150943396226,
"noticed":0.0150943396226,
"when":0.0150943396226,
"where":0.011320754717,
"of":0.011320754717,
"band":0.011320754717,
"after":0.011320754717,
"performed":0.011320754717,
"that":0.011320754717,
"lead":0.011320754717,
"in":0.011320754717,
"be":0.011320754717,
"consisted":0.00754716981132,
"while":0.00754716981132,
"rock":0.00754716981132,
"which":0.00754716981132,
"drummer":0.00754716981132,
"who":0.00754716981132,
"s":0.00754716981132,
"duo":0.00754716981132,
"founded":0.00754716981132,
"soon":0.00754716981132,
"being":0.00754716981132,
"at":0.00377358490566,
"along":0.00377358490566,
"from":0.00377358490566,
"included":0.00377358490566,
"song":0.00377358490566,
"has":0.00377358490566,
"guitarist":0.00377358490566,
"group":0.00377358490566,
"recorded":0.00377358490566,
"bandmates":0.00377358490566,
"have":0.00377358490566,
"been":0.00377358490566,
"tours":0.00377358490566,
"year":0.00377358490566,
"indie":0.00377358490566
}