{
"sold":0.121387283237,
"to":0.0809248554913,
"was":0.0751445086705,
"by":0.0635838150289,
"dropped":0.0578034682081,
"owned":0.0520231213873,
"picked":0.0462427745665,
"affiliated":0.0375722543353,
"switched":0.0317919075145,
"affiliate":0.028901734104,
"with":0.028901734104,
"for":0.028901734104,
"also":0.0260115606936,
"from":0.0260115606936,
"affiliation":0.0231213872832,
"then":0.0202312138728,
"been":0.0202312138728,
"had":0.0173410404624,
"is":0.0173410404624,
"up":0.014450867052,
"be":0.014450867052,
"in":0.014450867052,
"programming":0.0115606936416,
"of":0.0115606936416,
"switch":0.0115606936416,
"out":0.00867052023121,
"being":0.00867052023121,
"are":0.00578034682081,
"were":0.00578034682081,
"became":0.00578034682081,
"carried":0.00578034682081,
"off":0.00578034682081,
"now":0.00578034682081,
"down":0.00578034682081,
"s":0.0028901734104,
"later":0.0028901734104,
"programs":0.0028901734104,
"lost":0.0028901734104,
"on":0.0028901734104,
"not":0.0028901734104,
"most":0.0028901734104,
"after":0.0028901734104,
"more":0.0028901734104,
"until":0.0028901734104,
"has":0.0028901734104,
"time":0.0028901734104,
"station":0.0028901734104,
"currently":0.0028901734104,
"affiliations":0.0028901734104,
"networks":0.0028901734104,
"still":0.0028901734104,
"joined":0.0028901734104,
"back":0.0028901734104,
"formerly":0.0028901734104,
"charter":0.0028901734104
}