{
"train":0.466666666667,
"to":0.333333333333,
"under":0.0666666666667,
"for":0.0666666666667,
"with":0.0666666666667
}