{
"service":0.106598984772,
"at":0.10152284264,
"based":0.0913705583756,
"operates":0.0862944162437,
"to":0.0659898477157,
"from":0.0507614213198,
"operate":0.0456852791878,
"services":0.0406091370558,
"headquartered":0.0304568527919,
"between":0.0304568527919,
"began":0.0304568527919,
"is":0.0304568527919,
"was":0.0253807106599,
"flights":0.0253807106599,
"also":0.0253807106599,
"on":0.0203045685279,
"provides":0.0203045685279,
"currently":0.0203045685279,
"hub":0.0152284263959,
"in":0.0152284263959,
"airline":0.010152284264,
"with":0.010152284264,
"out":0.010152284264,
"operation":0.010152284264,
"are":0.010152284264,
"charter":0.010152284264,
"grounds":0.00507614213198,
"were":0.00507614213198,
"s":0.00507614213198,
"of":0.00507614213198,
"for":0.00507614213198,
"now":0.00507614213198,
"around":0.00507614213198,
"head":0.00507614213198,
"announced":0.00507614213198,
"been":0.00507614213198,
"begin":0.00507614213198,
"office":0.00507614213198
}