{
"also":0.0371845949535,
"to":0.0350977044204,
"with":0.0337696831721,
"as":0.0320622272814,
"of":0.0320622272814,
"by":0.031682792639,
"was":0.0297856194271,
"known":0.0250426863973,
"worked":0.0223866439006,
"called":0.0193511667615,
"served":0.0191614494403,
"has":0.0176437108708,
"said":0.016884841586,
"appeared":0.0165054069437,
"that":0.0163156896225,
"met":0.0157465376589,
"had":0.0147979510529,
"is":0.0146082337317,
"work":0.0144185164105,
"joined":0.0144185164105,
"wrote":0.0140390817682,
"where":0.0130904951622,
"works":0.0127110605198,
"s":0.0121419085563,
"studied":0.0106241699867,
"then":0.0106241699867,
"came":0.0104344526655,
"on":0.0100550180231,
"in":0.0100550180231,
"later":0.00986530070195,
"influenced":0.00986530070195,
"written":0.00986530070195,
"under":0.00967558338076,
"father":0.00948586605957,
"gt":0.00929614873838,
"ref":0.00910643141719,
"did":0.00910643141719,
"introduced":0.00872699677481,
"mentioned":0.00872699677481,
"translated":0.00853727945361,
"used":0.00815784481123,
"friend":0.00815784481123,
"for":0.00796812749004,
"published":0.00720925820527,
"when":0.00701954088408,
"noted":0.00682982356289,
"have":0.0066401062417,
"appears":0.0066401062417,
"been":0.00645038892051,
"followed":0.00645038892051,
"who":0.00588123695693,
"first":0.00569151963574,
"influence":0.00550180231455,
"while":0.00550180231455,
"from":0.00531208499336,
"referred":0.00512236767217,
"read":0.00512236767217,
"which":0.00493265035098,
"visited":0.00493265035098,
"believed":0.00474293302979,
"compared":0.0043634983874,
"use":0.0043634983874,
"along":0.0043634983874,
"founded":0.0043634983874,
"writing":0.0043634983874,
"assistant":0.00417378106621,
"inspired":0.00398406374502,
"know":0.00398406374502,
"based":0.00398406374502,
"best":0.00379434642383,
"taught":0.00379434642383,
"relationship":0.00360462910264,
"be":0.00360462910264,
"after":0.00341491178145,
"study":0.00341491178145,
"not":0.00341491178145,
"suggested":0.00322519446025,
"became":0.00303547713906,
"often":0.00303547713906,
"again":0.00284575981787,
"buried":0.00284575981787,
"writer":0.00284575981787,
"mentions":0.00284575981787,
"accepted":0.00284575981787,
"translation":0.00284575981787,
"once":0.00265604249668,
"about":0.00265604249668,
"writings":0.00265604249668,
"developed":0.00265604249668,
"student":0.00246632517549,
"teacher":0.0022766078543,
"opened":0.0022766078543,
"up":0.00208689053311,
"acknowledged":0.00189717321191,
"name":0.00189717321191,
"well":0.00189717321191,
"actually":0.00170745589072,
"poems":0.00170745589072,
"drew":0.00170745589072,
"associate":0.00170745589072,
"philosophy":0.00170745589072,
"learn":0.00170745589072,
"acquainted":0.00170745589072,
"before":0.00170745589072,
"pupil":0.00151773856953,
"together":0.00151773856953,
"cites":0.00151773856953,
"gone":0.00151773856953,
"reading":0.00151773856953,
"what":0.00151773856953,
"fan":0.00151773856953,
"soon":0.00151773856953,
"strongly":0.00132802124834,
"attacks":0.00132802124834,
"copy":0.00132802124834,
"into":0.00132802124834,
"studies":0.00132802124834,
"colleague":0.00132802124834,
"since":0.00132802124834,
"at":0.00113830392715,
"until":0.00113830392715,
"follower":0.00113830392715,
"among":0.00113830392715,
"out":0.00113830392715,
"twice":0.00113830392715,
"commentary":0.00113830392715,
"being":0.00113830392715,
"lines":0.000948586605957,
"translator":0.000948586605957,
"mentored":0.000948586605957,
"sometimes":0.000948586605957,
"were":0.000948586605957,
"whom":0.000948586605957,
"there":0.000948586605957,
"usually":0.000948586605957,
"never":0.000948586605957,
"currently":0.000948586605957,
"found":0.000948586605957,
"heavily":0.000948586605957,
"most":0.000758869284766,
"upon":0.000758869284766,
"lectures":0.000758869284766,
"admiration":0.000758869284766,
"educated":0.000758869284766,
"against":0.000758869284766,
"critique":0.000758869284766,
"attended":0.000758869284766,
"back":0.000758869284766,
"through":0.000758869284766,
"mainly":0.000758869284766,
"acknowledges":0.000569151963574,
"writers":0.000569151963574,
"made":0.000569151963574,
"lists":0.000569151963574,
"formed":0.000569151963574,
"mostly":0.000569151963574,
"become":0.000569151963574,
"devotee":0.000569151963574,
"although":0.000569151963574,
"greatly":0.000569151963574,
"however":0.000569151963574,
"between":0.000569151963574,
"deeply":0.000569151963574,
"because":0.000569151963574,
"now":0.000569151963574,
"influences":0.000569151963574,
"better":0.000569151963574,
"whose":0.000569151963574,
"friendship":0.000569151963574,
"so":0.000379434642383,
"opposing":0.000379434642383,
"spent":0.000379434642383,
"especially":0.000379434642383,
"discusses":0.000379434642383,
"mathematics":0.000379434642383,
"studying":0.000379434642383,
"if":0.000379434642383,
"near":0.000379434642383,
"boy":0.000379434642383,
"becoming":0.000379434642383,
"more":0.000379434642383,
"cited":0.000379434642383,
"rely":0.000379434642383,
"done":0.000379434642383,
"formerly":0.000379434642383,
"debt":0.000379434642383,
"across":0.000379434642383,
"borrowed":0.000379434642383,
"are":0.000379434642383,
"systems":0.000379434642383,
"only":0.000379434642383,
"how":0.000379434642383,
"discovered":0.000379434642383,
"over":0.000379434642383,
"particularly":0.000379434642383,
"taking":0.000189717321191,
"makes":0.000189717321191,
"lessons":0.000189717321191,
"succeeded":0.000189717321191,
"appear":0.000189717321191,
"why":0.000189717321191,
"friends":0.000189717321191,
"uses":0.000189717321191,
"fell":0.000189717321191,
"member":0.000189717321191,
"began":0.000189717321191,
"winter":0.000189717321191,
"take":0.000189717321191,
"m":0.000189717321191,
"whether":0.000189717321191,
"than":0.000189717321191,
"part":0.000189717321191,
"fire":0.000189717321191,
"essays":0.000189717321191,
"editor":0.000189717321191,
"much":0.000189717321191,
"opportunity":0.000189717321191,
"singing":0.000189717321191,
"down":0.000189717321191,
"credited":0.000189717321191,
"think":0.000189717321191,
"career":0.000189717321191,
"received":0.000189717321191,
"stage":0.000189717321191,
"described":0.000189717321191,
"members":0.000189717321191,
"awards":0.000189717321191,
"guitar":0.000189717321191,
"officially":0.000189717321191,
"shared":0.000189717321191,
"does":0.000189717321191,
"behind":0.000189717321191,
"except":0.000189717321191,
"extensively":0.000189717321191,
"p":0.000189717321191,
"see":0.000189717321191,
"started":0.000189717321191,
"artists":0.000189717321191,
"house":0.000189717321191,
"generation":0.000189717321191,
"grouped":0.000189717321191,
"went":0.000189717321191,
"always":0.000189717321191,
"though":0.000189717321191,
"continue":0.000189717321191,
"indeed":0.000189717321191,
"during":0.000189717321191,
"de":0.000189717321191,
"get":0.000189717321191,
"founding":0.000189717321191,
"gave":0.000189717321191,
"sent":0.000189717321191,
"version":0.000189717321191,
"technique":0.000189717321191,
"quotes":0.000189717321191
}