{
"battle":0.206896551724,
"of":0.112068965517,
"fought":0.112068965517,
"during":0.0689655172414,
"event":0.0689655172414,
"was":0.0431034482759,
"battles":0.0431034482759,
"engagement":0.0431034482759,
"in":0.0431034482759,
"place":0.0258620689655,
"s":0.0258620689655,
"took":0.0258620689655,
"at":0.0258620689655,
"as":0.0258620689655,
"land":0.0172413793103,
"to":0.0172413793103,
"operation":0.0172413793103,
"on":0.00862068965517,
"with":0.00862068965517,
"confrontation":0.00862068965517,
"occurred":0.00862068965517,
"largest":0.00862068965517,
"then":0.00862068965517,
"between":0.00862068965517,
"end":0.00862068965517,
"cavalry":0.00862068965517
}