{
"launched":0.448275862069,
"was":0.206896551724,
"at":0.0689655172414,
"as":0.0689655172414,
"to":0.0689655172414,
"from":0.0689655172414,
"is":0.0344827586207,
"be":0.0344827586207
}