{
"owned":0.346153846154,
"by":0.288461538462,
"is":0.115384615385,
"maintained":0.0576923076923,
"now":0.0384615384615,
"was":0.0192307692308,
"not":0.0192307692308,
"are":0.0192307692308,
"been":0.0192307692308,
"also":0.0192307692308,
"currently":0.0192307692308,
"formerly":0.0192307692308,
"still":0.0192307692308
}