{
"played":0.0629563668744,
"for":0.0592163846839,
"with":0.0316117542297,
"in":0.0304541406946,
"at":0.0295636687444,
"coach":0.0254674977738,
"was":0.0253784505788,
"also":0.0226179875334,
"born":0.0225289403384,
"as":0.0220837043633,
"of":0.0219946571683,
"to":0.0219056099733,
"football":0.0211041852182,
"who":0.020035618878,
"career":0.019946571683,
"head":0.0180765805877,
"served":0.0156723063224,
"then":0.0151380231523,
"spent":0.013268032057,
"footballer":0.013000890472,
"signed":0.0124666073019,
"player":0.0114870881567,
"has":0.0114870881567,
"playing":0.0102404274265,
"against":0.0102404274265,
"appointed":0.00943900267142,
"later":0.0086375779163,
"began":0.00845948352627,
"team":0.00845948352627,
"is":0.00810329474622,
"started":0.00792520035619,
"joined":0.00792520035619,
"scored":0.00783615316118,
"left":0.00747996438112,
"named":0.00747996438112,
"had":0.00747996438112,
"ref":0.00712377560107,
"manager":0.00703472840606,
"club":0.00685663401603,
"debut":0.006678539626,
"worked":0.00650044523598,
"from":0.00641139804096,
"won":0.00641139804096,
"lt":0.00641139804096,
"matches":0.00632235084595,
"moved":0.00614425645592,
"on":0.00596616206589,
"games":0.00596616206589,
"attended":0.00578806767587,
"plays":0.00560997328584,
"by":0.00543187889581,
"gt":0.00543187889581,
"seasons":0.0053428317008,
"contract":0.00516473731077,
"before":0.00507569011576,
"currently":0.00489759572573,
"selected":0.00463045414069,
"returned":0.00463045414069,
"coached":0.00454140694568,
"represented":0.00445235975067,
"goal":0.00436331255565,
"play":0.00391807658059,
"managed":0.00391807658059,
"led":0.00382902938557,
"years":0.00382902938557,
"when":0.00373998219056,
"chairman":0.00365093499555,
"been":0.00356188780053,
"rules":0.00347284060552,
"season":0.00338379341051,
"goals":0.00338379341051,
"s":0.00338379341051,
"transferred":0.00338379341051,
"appearances":0.00329474621549,
"basketball":0.00329474621549,
"took":0.00302760463045,
"match":0.00302760463045,
"time":0.00293855743544,
"clubs":0.00293855743544,
"first":0.00284951024043,
"graduated":0.00284951024043,
"over":0.00276046304541,
"again":0.00258236865539,
"became":0.00249332146037,
"return":0.00249332146037,
"where":0.00240427426536,
"moving":0.00222617987533,
"join":0.00222617987533,
"including":0.00222617987533,
"hired":0.00213713268032,
"back":0.00213713268032,
"employed":0.00213713268032,
"up":0.00204808548531,
"came":0.00195903829029,
"win":0.00195903829029,
"finished":0.00186999109528,
"previously":0.00186999109528,
"captain":0.00178094390027,
"soccer":0.00178094390027,
"spells":0.00169189670525,
"brought":0.00169189670525,
"assistant":0.00169189670525,
"most":0.00160284951024,
"charge":0.00160284951024,
"college":0.00160284951024,
"caps":0.00160284951024,
"more":0.00151380231523,
"coaching":0.00151380231523,
"professionally":0.00151380231523,
"spell":0.00142475512021,
"formerly":0.00142475512021,
"that":0.0013357079252,
"be":0.0013357079252,
"name":0.0013357079252,
"goalkeeper":0.00124666073019,
"only":0.00124666073019,
"become":0.00115761353517,
"leave":0.00115761353517,
"defender":0.00115761353517,
"stints":0.00106856634016,
"stint":0.00106856634016,
"have":0.00106856634016,
"after":0.00106856634016,
"chosen":0.00106856634016,
"consultant":0.000979519145147,
"made":0.000979519145147,
"invited":0.000979519145147,
"since":0.000979519145147,
"recently":0.000979519145147,
"association":0.000979519145147,
"now":0.000979519145147,
"men":0.000890471950134,
"member":0.000890471950134,
"while":0.000890471950134,
"until":0.000890471950134,
"union":0.000890471950134,
"midfielder":0.000890471950134,
"joining":0.000890471950134,
"capped":0.000890471950134,
"teams":0.000890471950134,
"returning":0.000890471950134,
"running":0.00080142475512,
"championship":0.00080142475512,
"stayed":0.00080142475512,
"helped":0.00080142475512,
"lead":0.00080142475512,
"striker":0.00080142475512,
"out":0.00080142475512,
"being":0.00080142475512,
"once":0.000712377560107,
"championships":0.000712377560107,
"man":0.000712377560107,
"squad":0.000712377560107,
"award":0.000712377560107,
"year":0.000712377560107,
"twice":0.000712377560107,
"during":0.000712377560107,
"not":0.000712377560107,
"rejoined":0.000712377560107,
"soon":0.000712377560107,
"switched":0.000712377560107,
"just":0.000712377560107,
"majority":0.000623330365093,
"ndash":0.000623330365093,
"into":0.000623330365093,
"never":0.000623330365093,
"died":0.00053428317008,
"which":0.00053428317008,
"known":0.00053428317008,
"forward":0.00053428317008,
"hometown":0.00053428317008,
"arrived":0.00053428317008,
"title":0.00053428317008,
"instead":0.000445235975067,
"earned":0.000445235975067,
"there":0.000445235975067,
"notably":0.000445235975067,
"linebacker":0.000445235975067,
"located":0.000445235975067,
"mainly":0.000445235975067,
"called":0.000356188780053,
"were":0.000356188780053,
"manage":0.000356188780053,
"reach":0.000356188780053,
"ever":0.000356188780053,
"between":0.000356188780053,
"away":0.000356188780053,
"managing":0.000356188780053,
"best":0.000356188780053,
"under":0.000356188780053,
"sacked":0.000356188780053,
"directors":0.00026714158504,
"off":0.00026714158504,
"director":0.00026714158504,
"apprentice":0.00026714158504,
"part":0.00026714158504,
"mostly":0.00026714158504,
"offer":0.00026714158504,
"rugby":0.00026714158504,
"league":0.00026714158504,
"caretaker":0.00026714158504,
"safety":0.00026714158504,
"side":0.00026714158504,
"held":0.00026714158504,
"take":0.00026714158504,
"accepted":0.00026714158504,
"wing":0.000178094390027,
"together":0.000178094390027,
"tackle":0.000178094390027,
"stepped":0.000178094390027,
"months":0.000178094390027,
"youth":0.000178094390027,
"becoming":0.000178094390027,
"whom":0.000178094390027,
"trainee":0.000178094390027,
"date":0.000178094390027,
"already":0.000178094390027,
"onto":0.000178094390027,
"apprenticeship":0.000178094390027,
"announced":0.000178094390027,
"eventually":0.000178094390027,
"successfully":0.000178094390027,
"because":0.000178094390027,
"helm":0.000178094390027,
"loan":0.000178094390027,
"winning":0.000178094390027,
"winger":0.000178094390027,
"debuted":0.000178094390027,
"founded":0.000178094390027,
"position":8.90471950134e-05,
"taking":8.90471950134e-05,
"so":8.90471950134e-05,
"well":8.90471950134e-05,
"center":8.90471950134e-05,
"recognized":8.90471950134e-05,
"coming":8.90471950134e-05,
"upon":8.90471950134e-05,
"serve":8.90471950134e-05,
"masterminded":8.90471950134e-05,
"armies":8.90471950134e-05,
"quarterback":8.90471950134e-05,
"split":8.90471950134e-05,
"graduate":8.90471950134e-05,
"issue":8.90471950134e-05,
"replaced":8.90471950134e-05,
"matter":8.90471950134e-05,
"inside":8.90471950134e-05,
"coordinator":8.90471950134e-05,
"playercoach":8.90471950134e-05,
"daughter":8.90471950134e-05,
"pitcher":8.90471950134e-05,
"turned":8.90471950134e-05,
"champion":8.90471950134e-05,
"through":8.90471950134e-05,
"educated":8.90471950134e-05,
"entered":8.90471950134e-05,
"women":8.90471950134e-05,
"much":8.90471950134e-05,
"quit":8.90471950134e-05,
"athlete":8.90471950134e-05,
"serving":8.90471950134e-05,
"right":8.90471950134e-05,
"down":8.90471950134e-05,
"son":8.90471950134e-05,
"number":8.90471950134e-05,
"prevent":8.90471950134e-05,
"fell":8.90471950134e-05,
"section":8.90471950134e-05,
"pick":8.90471950134e-05,
"trial":8.90471950134e-05,
"times":8.90471950134e-05,
"newscasts":8.90471950134e-05,
"about":8.90471950134e-05,
"rated":8.90471950134e-05,
"across":8.90471950134e-05,
"guided":8.90471950134e-05,
"tenth":8.90471950134e-05,
"resigned":8.90471950134e-05,
"extended":8.90471950134e-05,
"bands":8.90471950134e-05,
"captained":8.90471950134e-05,
"like":8.90471950134e-05,
"appearing":8.90471950134e-05,
"half":8.90471950134e-05,
"nearly":8.90471950134e-05,
"game":8.90471950134e-05,
"de":8.90471950134e-05,
"blockquote":8.90471950134e-05,
"going":8.90471950134e-05,
"c":8.90471950134e-05,
"lineman":8.90471950134e-05,
"still":8.90471950134e-05,
"go":8.90471950134e-05,