{
"by":0.170212765957,
"built":0.159574468085,
"was":0.132978723404,
"produced":0.0691489361702,
"developed":0.0531914893617,
"for":0.0478723404255,
"purchased":0.0478723404255,
"is":0.0372340425532,
"marketed":0.031914893617,
"manufactured":0.0265957446809,
"in":0.0212765957447,
"were":0.0159574468085,
"car":0.0159574468085,
"designed":0.0159574468085,
"be":0.0159574468085,
"at":0.0159574468085,
"as":0.0159574468085,
"with":0.0106382978723,
"engine":0.0106382978723,
"been":0.0106382978723,
"being":0.0106382978723,
"up":0.00531914893617,
"later":0.00531914893617,
"on":0.00531914893617,
"after":0.00531914893617,
"that":0.00531914893617,
"around":0.00531914893617,
"vehicle":0.00531914893617,
"also":0.00531914893617,
"when":0.00531914893617,
"from":0.00531914893617,
"had":0.00531914893617,
"then":0.00531914893617
}