{
"joins":0.290322580645,
"tributary":0.258064516129,
"flows":0.0967741935484,
"of":0.0967741935484,
"where":0.0645161290323,
"then":0.0645161290323,
"with":0.0322580645161,
"in":0.0322580645161,
"which":0.0322580645161,
"direction":0.0322580645161
}