{
"river":0.3125,
"in":0.15625,
"boundary":0.125,
"forms":0.125,
"longest":0.0625,
"between":0.0625,
"of":0.0625,
"with":0.03125,
"rises":0.03125,
"on":0.03125
}