{
"won":0.175221238938,
"book":0.0796460176991,
"s":0.0743362831858,
"wrote":0.0690265486726,
"film":0.0672566371681,
"novel":0.058407079646,
"in":0.0477876106195,
"appearance":0.0371681415929,
"of":0.0371681415929,
"also":0.0371681415929,
"for":0.0371681415929,
"on":0.0265486725664,
"gt":0.0265486725664,
"at":0.0247787610619,
"has":0.0194690265487,
"as":0.0176991150442,
"which":0.0159292035398,
"to":0.0141592920354,
"had":0.0141592920354,
"later":0.012389380531,
"twice":0.0106194690265,
"with":0.0106194690265,
"then":0.0106194690265,
"about":0.0070796460177,
"after":0.0070796460177,
"where":0.00530973451327,
"that":0.00530973451327,
"from":0.00530973451327,
"first":0.00353982300885,
"drama":0.00353982300885,
"during":0.00353982300885,
"who":0.00353982300885,
"never":0.00353982300885,
"was":0.00353982300885,
"when":0.00353982300885,
"published":0.00176991150442,
"created":0.00176991150442,
"by":0.00176991150442,
"worked":0.00176991150442,
"most":0.00176991150442,
"while":0.00176991150442,
"since":0.00176991150442,
"again":0.00176991150442,
"are":0.00176991150442,
"have":0.00176991150442,
"p":0.00176991150442,
"already":0.00176991150442
}