{
"written":0.418032786885,
"by":0.0901639344262,
"has":0.0819672131148,
"had":0.0737704918033,
"also":0.0573770491803,
"have":0.0327868852459,
"of":0.0245901639344,
"about":0.0245901639344,
"on":0.0245901639344,
"with":0.0245901639344,
"that":0.0245901639344,
"to":0.0245901639344,
"were":0.00819672131148,
"s":0.00819672131148,
"be":0.00819672131148,
"was":0.00819672131148,
"been":0.00819672131148,
"since":0.00819672131148,
"for":0.00819672131148,
"out":0.00819672131148,
"in":0.00819672131148,
"as":0.00819672131148,
"is":0.00819672131148,
"being":0.00819672131148
}