{
"family":0.333333333333,
"specifically":0.333333333333,
"of":0.333333333333
}