{
"served":0.0865079365079,
"member":0.0769841269841,
"joined":0.0690476190476,
"of":0.0611111111111,
"was":0.0611111111111,
"appointed":0.0563492063492,
"left":0.0404761904762,
"elected":0.0380952380952,
"to":0.0373015873016,
"at":0.034126984127,
"as":0.031746031746,
"head":0.0309523809524,
"then":0.0285714285714,
"led":0.0261904761905,
"also":0.0253968253968,
"for":0.0246031746032,
"leader":0.0238095238095,
"in":0.0230158730159,
"later":0.0198412698413,
"has":0.0166666666667,
"had":0.0150793650794,
"on":0.0126984126984,
"with":0.0126984126984,
"join":0.0103174603175,
"is":0.00952380952381,
"who":0.00873015873016,
"became":0.00793650793651,
"been":0.00714285714286,
"when":0.00714285714286,
"again":0.00714285714286,
"first":0.00634920634921,
"from":0.00634920634921,
"where":0.0047619047619,
"before":0.0047619047619,
"until":0.00396825396825,
"s":0.0031746031746,
"which":0.0031746031746,
"soon":0.0031746031746,
"being":0.0031746031746,
"formerly":0.0031746031746,
"side":0.00238095238095,
"become":0.00238095238095,
"lead":0.00238095238095,
"bid":0.00238095238095,
"that":0.00238095238095,
"instead":0.00238095238095,
"have":0.00238095238095,
"be":0.00238095238095,
"twice":0.0015873015873,
"made":0.0015873015873,
"now":0.0015873015873,
"becoming":0.0015873015873,
"while":0.0015873015873,
"just":0.0015873015873,
"up":0.0015873015873,
"since":0.0015873015873,
"so":0.000793650793651,
"against":0.000793650793651,
"into":0.000793650793651,
"matter":0.000793650793651,
"after":0.000793650793651,
"during":0.000793650793651,
"judge":0.000793650793651,
"never":0.000793650793651,
"position":0.000793650793651,
"serve":0.000793650793651,
"de":0.000793650793651,
"over":0.000793650793651,
"take":0.000793650793651,
"there":0.000793650793651,
"issue":0.000793650793651,
"go":0.000793650793651,
"because":0.000793650793651,
"nominated":0.000793650793651,
"out":0.000793650793651,
"prevent":0.000793650793651
}