{
"highest":0.290322580645,
"peak":0.225806451613,
"of":0.161290322581,
"summit":0.0967741935484,
"lies":0.0967741935484,
"in":0.0645161290323,
"subsidiary":0.0322580645161,
"near":0.0322580645161
}