{
"wing":0.333333333333,
"of":0.333333333333,
"youth":0.333333333333
}