{
"gt":0.079421221865,
"son":0.075884244373,
"of":0.0742765273312,
"ref":0.0739549839228,
"lt":0.0668810289389,
"was":0.0466237942122,
"daughter":0.0376205787781,
"s":0.0369774919614,
"born":0.0350482315113,
"to":0.0299035369775,
"wife":0.0292604501608,
"married":0.0279742765273,
"succeeded":0.020578778135,
"father":0.0199356913183,
"in":0.016077170418,
"brother":0.016077170418,
"as":0.0144694533762,
"child":0.0131832797428,
"children":0.0131832797428,
"by":0.0122186495177,
"mother":0.0118971061093,
"is":0.011575562701,
"with":0.011575562701,
"gave":0.0109324758842,
"death":0.0109324758842,
"name":0.0106109324759,
"eldest":0.0102893890675,
"who":0.00868167202572,
"died":0.00836012861736,
"cousin":0.008038585209,
"sons":0.00771704180064,
"kept":0.00546623794212,
"had":0.00546623794212,
"grandson":0.00514469453376,
"heir":0.00418006430868,
"also":0.00385852090032,
"that":0.00385852090032,
"on":0.00385852090032,
"youngest":0.00385852090032,
"younger":0.00353697749196,
"when":0.00353697749196,
"oldest":0.00353697749196,
"later":0.00289389067524,
"at":0.00289389067524,
"reign":0.00289389067524,
"wrote":0.00289389067524,
"then":0.00289389067524,
"tributary":0.00257234726688,
"actors":0.00257234726688,
"emperor":0.00257234726688,
"actor":0.00225080385852,
"accessed":0.00225080385852,
"p":0.00225080385852,
"page":0.00225080385852,
"where":0.00225080385852,
"played":0.00192926045016,
"king":0.00192926045016,
"been":0.00192926045016,
"worked":0.0016077170418,
"pp":0.0016077170418,
"became":0.0016077170418,
"after":0.0016077170418,
"for":0.0016077170418,
"twice":0.0016077170418,
"surviving":0.0016077170418,
"said":0.00128617363344,
"moved":0.00128617363344,
"known":0.00128617363344,
"overthrow":0.00128617363344,
"succeeds":0.00128617363344,
"first":0.00128617363344,
"while":0.00128617363344,
"joined":0.00128617363344,
"de":0.00128617363344,
"parents":0.00128617363344,
"only":0.00128617363344,
"whose":0.00128617363344,
"up":0.00096463022508,
"have":0.00096463022508,
"subrange":0.00096463022508,
"more":0.00096463022508,
"whom":0.00096463022508,
"from":0.00096463022508,
"elder":0.00096463022508,
"fathered":0.00096463022508,
"has":0.00096463022508,
"pages":0.00064308681672,
"which":0.00064308681672,
"again":0.00064308681672,
"performed":0.00064308681672,
"near":0.00064308681672,
"studied":0.00064308681672,
"c":0.00064308681672,
"reported":0.00064308681672,
"given":0.00064308681672,
"be":0.00064308681672,
"out":0.00064308681672,
"attended":0.00064308681672,
"get":0.00064308681672,
"returned":0.00064308681672,
"blockquote":0.00064308681672,
"together":0.00032154340836,
"students":0.00032154340836,
"play":0.00032154340836,
"scored":0.00032154340836,
"member":0.00032154340836,
"graduate":0.00032154340836,
"veteran":0.00032154340836,
"parish":0.00032154340836,
"al":0.00032154340836,
"patron":0.00032154340836,
"called":0.00032154340836,
"were":0.00032154340836,
"made":0.00032154340836,
"copy":0.00032154340836,
"about":0.00032154340836,
"offered":0.00032154340836,
"started":0.00032154340836,
"lived":0.00032154340836,
"until":0.00032154340836,
"grew":0.00032154340836,
"way":0.00032154340836,
"awarded":0.00032154340836,
"area":0.00032154340836,
"are":0.00032154340836,
"brought":0.00032154340836,
"into":0.00032154340836,
"appeared":0.00032154340836,
"formerly":0.00032154340836,
"already":0.00032154340836,
"block":0.00032154340836,
"reports":0.00032154340836,
"according":0.00032154340836,
"throne":0.00032154340836,
"along":0.00032154340836,
"ranked":0.00032154340836,
"include":0.00032154340836,
"currently":0.00032154340836,
"away":0.00032154340836,
"et":0.00032154340836,
"election":0.00032154340836,
"works":0.00032154340836,
"release":0.00032154340836,
"history":0.00032154340836,
"leave":0.00032154340836,
"list":0.00032154340836,
"issue":0.00032154340836,
"d":0.00032154340836,
"now":0.00032154340836,
"during":0.00032154340836,
"hit":0.00032154340836,
"loved":0.00032154340836,
"siblings":0.00032154340836,
"inherited":0.00032154340836,
"before":0.00032154340836,
"still":0.00032154340836,
"manager":0.00032154340836,
"actress":0.00032154340836,
"league":0.00032154340836,
"being":0.00032154340836,
"secondly":0.00032154340836
}