{
"situated":0.166666666667,
"in":0.166666666667,
"also":0.166666666667,
"took":0.166666666667,
"just":0.166666666667,
"bars":0.166666666667
}