{
"hosted":0.291666666667,
"by":0.270833333333,
"was":0.166666666667,
"presented":0.104166666667,
"is":0.0625,
"with":0.0208333333333,
"replaced":0.0208333333333,
"originally":0.0208333333333,
"show":0.0208333333333,
"be":0.0208333333333
}