{
"to":0.0500932587264,
"as":0.0436983746336,
"was":0.0325073274714,
"worked":0.0314415134559,
"served":0.0301092459366,
"appointed":0.0266453503864,
"by":0.0263788968825,
"also":0.0258459898748,
"with":0.0245137223554,
"named":0.0213162803091,
"of":0.0213162803091,
"wrote":0.0213162803091,
"that":0.0191846522782,
"replaced":0.0178523847589,
"work":0.0178523847589,
"then":0.0162536637357,
"had":0.0162536637357,
"later":0.015720756728,
"took":0.015720756728,
"in":0.0154543032241,
"came":0.013589128697,
"succeeded":0.0133226751932,
"s":0.0133226751932,
"told":0.0130562216893,
"when":0.01172395417,
"moved":0.0106581401545,
"for":0.0101252331468,
"where":0.0101252331468,
"has":0.0101252331468,
"time":0.00985877964295,
"run":0.00985877964295,
"under":0.00959232613909,
"followed":0.00932587263523,
"death":0.0087929656275,
"is":0.0087929656275,
"support":0.0087929656275,
"led":0.00852651212363,
"role":0.00826005861977,
"promoted":0.00799360511591,
"on":0.00799360511591,
"after":0.00799360511591,
"stated":0.00746069810818,
"turned":0.00746069810818,
"government":0.00746069810818,
"acted":0.00719424460432,
"believed":0.00666133759659,
"successor":0.00639488409273,
"leader":0.00639488409273,
"who":0.00612843058886,
"head":0.00612843058886,
"which":0.005861977085,
"serve":0.005861977085,
"resigned":0.005861977085,
"minister":0.00559552358114,
"announced":0.00559552358114,
"offered":0.00532907007727,
"while":0.00532907007727,
"be":0.00506261657341,
"first":0.00479616306954,
"stood":0.00479616306954,
"retired":0.00479616306954,
"been":0.00452970956568,
"from":0.00452970956568,
"suggested":0.00452970956568,
"held":0.00452970956568,
"replacing":0.00426325606182,
"win":0.00426325606182,
"along":0.00426325606182,
"office":0.00426325606182,
"accepted":0.00426325606182,
"again":0.00399680255795,
"cabinet":0.00399680255795,
"replace":0.00399680255795,
"picked":0.00399680255795,
"over":0.00373034905409,
"commented":0.00346389555023,
"rival":0.00319744204636,
"succeed":0.00319744204636,
"resignation":0.0029309885425,
"have":0.0029309885425,
"challenge":0.0029309885425,
"ahead":0.0029309885425,
"before":0.0029309885425,
"being":0.0029309885425,
"up":0.00266453503864,
"became":0.00266453503864,
"subsequently":0.00239808153477,
"until":0.00239808153477,
"remain":0.00239808153477,
"acquainted":0.00239808153477,
"supporter":0.00239808153477,
"previously":0.00213162803091,
"against":0.00213162803091,
"stop":0.00213162803091,
"letter":0.00186517452705,
"at":0.00186517452705,
"were":0.00186517452705,
"statement":0.00186517452705,
"out":0.00186517452705,
"victory":0.00186517452705,
"off":0.00159872102318,
"suggests":0.00159872102318,
"away":0.00159872102318,
"retirement":0.00133226751932,
"back":0.00133226751932,
"twice":0.00133226751932,
"governments":0.00133226751932,
"not":0.00133226751932,
"once":0.00106581401545,
"together":0.00106581401545,
"ndash":0.00106581401545,
"among":0.00106581401545,
"about":0.00106581401545,
"found":0.00106581401545,
"critic":0.00106581401545,
"now":0.00106581401545,
"state":0.00106581401545,
"rewarded":0.00106581401545,
"soon":0.00106581401545,
"more":0.000799360511591,
"whom":0.000799360511591,
"standing":0.000799360511591,
"because":0.000799360511591,
"into":0.000799360511591,
"behind":0.000799360511591,
"since":0.000799360511591,
"elected":0.000799360511591,
"down":0.000799360511591,
"made":0.000799360511591,
"assassination":0.000799360511591,
"mainly":0.000799360511591,
"so":0.000532907007727,
"well":0.000532907007727,
"lead":0.000532907007727,
"recognized":0.000532907007727,
"instead":0.000532907007727,
"overtaken":0.000532907007727,
"becoming":0.000532907007727,
"there":0.000532907007727,
"done":0.000532907007727,
"formerly":0.000532907007727,
"officially":0.000532907007727,
"statements":0.000532907007727,
"what":0.000532907007727,
"often":0.000532907007727,
"across":0.000532907007727,
"joined":0.000532907007727,
"through":0.000532907007727,
"premiership":0.000266453503864,
"appoint":0.000266453503864,
"opportunity":0.000266453503864,
"upon":0.000266453503864,
"championship":0.000266453503864,
"member":0.000266453503864,
"dismissed":0.000266453503864,
"began":0.000266453503864,
"contest":0.000266453503864,
"winter":0.000266453503864,
"seen":0.000266453503864,
"defeated":0.000266453503864,
"received":0.000266453503864,
"figure":0.000266453503864,
"margin":0.000266453503864,
"replaces":0.000266453503864,
"never":0.000266453503864,
"part":0.000266453503864,
"mostly":0.000266453503864,
"entered":0.000266453503864,
"passed":0.000266453503864,
"opposed":0.000266453503864,
"friends":0.000266453503864,
"fired":0.000266453503864,
"singing":0.000266453503864,
"county":0.000266453503864,
"succeeds":0.000266453503864,
"studies":0.000266453503864,
"career":0.000266453503864,
"getting":0.000266453503864,
"carried":0.000266453503864,
"stage":0.000266453503864,
"backed":0.000266453503864,
"members":0.000266453503864,
"awards":0.000266453503864,
"oust":0.000266453503864,
"won":0.000266453503864,
"deputy":0.000266453503864,
"election":0.000266453503864,
"see":0.000266453503864,
"met":0.000266453503864,
"regained":0.000266453503864,
"challenged":0.000266453503864,
"set":0.000266453503864,
"went":0.000266453503864,
"continue":0.000266453503864,
"posts":0.000266453503864,
"champions":0.000266453503864,
"de":0.000266453503864,
"assistant":0.000266453503864,
"gave":0.000266453503864,
"match":0.000266453503864,
"winning":0.000266453503864,
"whose":0.000266453503864,
"supported":0.000266453503864,
"just":0.000266453503864,
"help":0.000266453503864
}