{
"released":0.0533743905568,
"album":0.0487554529125,
"by":0.0459327687965,
"signed":0.0395175776238,
"was":0.0379779317424,
"on":0.0374647164486,
"to":0.0307929176289,
"for":0.0300230946882,
"with":0.0295098793944,
"joined":0.0266871952784,
"worked":0.0238645111624,
"then":0.0236079035155,
"in":0.0218116499872,
"appeared":0.0218116499872,
"band":0.0207852193995,
"also":0.019502181165,
"debut":0.0182191429305,
"received":0.0169361046959,
"at":0.016679497049,
"has":0.0161662817552,
"moved":0.0151398511676,
"left":0.0148832435207,
"studio":0.0148832435207,
"from":0.0143700282268,
"as":0.0141134205799,
"had":0.0141134205799,
"later":0.0133435976392,
"recorded":0.0133435976392,
"played":0.0120605594047,
"contract":0.0115473441109,
"transferred":0.0097510905825,
"returned":0.0097510905825,
"rock":0.00923787528868,
"of":0.00898126764178,
"metal":0.00821144470105,
"s":0.00769822940724,
"record":0.00692840646651,
"label":0.0064151911727,
"started":0.00590197587888,
"featured":0.00590197587888,
"dropped":0.00538876058507,
"assigned":0.00538876058507,
"hired":0.00513215293816,
"albums":0.00487554529125,
"deal":0.00487554529125,
"recording":0.00436232999743,
"first":0.00436232999743,
"be":0.00436232999743,
"when":0.00410572235053,
"is":0.00410572235053,
"remained":0.00410572235053,
"leaving":0.00410572235053,
"founder":0.00410572235053,
"success":0.00384911470362,
"who":0.00359250705671,
"been":0.00359250705671,
"again":0.0033358994098,
"leave":0.0033358994098,
"during":0.0033358994098,
"before":0.0033358994098,
"signing":0.00307929176289,
"after":0.00307929176289,
"stay":0.00282268411599,
"since":0.00282268411599,
"resigned":0.00282268411599,
"where":0.00282268411599,
"under":0.00282268411599,
"through":0.00282268411599,
"against":0.00256607646908,
"issued":0.00256607646908,
"which":0.00230946882217,
"recordings":0.00230946882217,
"solo":0.00230946882217,
"death":0.00230946882217,
"soon":0.00230946882217,
"labels":0.00230946882217,
"sign":0.00205286117526,
"compilation":0.00205286117526,
"up":0.00205286117526,
"not":0.00205286117526,
"switched":0.00205286117526,
"have":0.00179625352836,
"were":0.00179625352836,
"made":0.00179625352836,
"out":0.00179625352836,
"including":0.00179625352836,
"artist":0.00179625352836,
"offered":0.00153964588145,
"indie":0.00153964588145,
"while":0.00153964588145,
"reissued":0.00153964588145,
"that":0.00153964588145,
"punk":0.00153964588145,
"release":0.00153964588145,
"being":0.00153964588145,
"originally":0.00128303823454,
"power":0.00128303823454,
"back":0.00128303823454,
"only":0.00128303823454,
"alternative":0.00128303823454,
"singer":0.00102643058763,
"instead":0.00102643058763,
"debuted":0.00102643058763,
"more":0.00102643058763,
"until":0.00102643058763,
"into":0.00102643058763,
"never":0.00102643058763,
"founded":0.00102643058763,
"song":0.00102643058763,
"longer":0.000769822940724,
"audition":0.000769822940724,
"formed":0.000769822940724,
"no":0.000769822940724,
"thrash":0.000769822940724,
"landed":0.000769822940724,
"there":0.000769822940724,
"distributed":0.000769822940724,
"initially":0.000769822940724,
"eventually":0.000769822940724,
"spotted":0.000769822940724,
"side":0.000769822940724,
"cofounder":0.000769822940724,
"twice":0.000769822940724,
"now":0.000769822940724,
"produced":0.000769822940724,
"off":0.000513215293816,
"began":0.000513215293816,
"down":0.000513215293816,
"formerly":0.000513215293816,
"onto":0.000513215293816,
"division":0.000513215293816,
"away":0.000513215293816,
"ways":0.000513215293816,
"often":0.000513215293816,
"parted":0.000513215293816,
"rapper":0.000513215293816,
"hit":0.000513215293816,
"title":0.000513215293816,
"felt":0.000513215293816,
"over":0.000513215293816,
"just":0.000513215293816,
"currently":0.000513215293816,
"once":0.000256607646908,
"having":0.000256607646908,
"so":0.000256607646908,
"take":0.000256607646908,
"length":0.000256607646908,
"times":0.000256607646908,
"making":0.000256607646908,
"father":0.000256607646908,
"remastered":0.000256607646908,
"took":0.000256607646908,
"musician":0.000256607646908,
"becoming":0.000256607646908,
"mostly":0.000256607646908,
"music":0.000256607646908,
"secured":0.000256607646908,
"about":0.000256607646908,
"along":0.000256607646908,
"based":0.000256607646908,
"found":0.000256607646908,
"across":0.000256607646908,
"extensively":0.000256607646908,
"tenth":0.000256607646908,
"productions":0.000256607646908,
"because":0.000256607646908,
"starred":0.000256607646908,
"rereleased":0.000256607646908,
"de":0.000256607646908,
"show":0.000256607646908,
"internationally":0.000256607646908,
"group":0.000256607646908,
"go":0.000256607646908,
"mainly":0.000256607646908
}