{
"recorded":0.4,
"was":0.257142857143,
"in":0.0857142857143,
"at":0.0571428571429,
"during":0.0285714285714,
"were":0.0285714285714,
"also":0.0285714285714,
"been":0.0285714285714,
"for":0.0285714285714,
"from":0.0285714285714,
"on":0.0285714285714
}