{
"built":0.155893536122,
"was":0.133079847909,
"based":0.06463878327,
"sold":0.0570342205323,
"launched":0.0494296577947,
"be":0.041825095057,
"as":0.041825095057,
"is":0.041825095057,
"replaced":0.0380228136882,
"on":0.0380228136882,
"at":0.0342205323194,
"version":0.0304182509506,
"to":0.0228136882129,
"from":0.0228136882129,
"were":0.0190114068441,
"with":0.0190114068441,
"uses":0.0190114068441,
"shares":0.0190114068441,
"of":0.0152091254753,
"marketed":0.0152091254753,
"been":0.0114068441065,
"alongside":0.0114068441065,
"discontinued":0.00760456273764,
"upon":0.00760456273764,
"after":0.00760456273764,
"virtually":0.00760456273764,
"also":0.00760456273764,
"shorter":0.00760456273764,
"by":0.00380228136882,
"now":0.00380228136882,
"that":0.00380228136882,
"than":0.00380228136882,
"over":0.00380228136882,
"has":0.00380228136882,
"truck":0.00380228136882,
"differed":0.00380228136882,
"for":0.00380228136882,
"between":0.00380228136882,
"in":0.00380228136882,
"being":0.00380228136882,
"then":0.00380228136882,
"platform":0.00380228136882
}