{
"attended":0.253602305476,
"moved":0.219020172911,
"then":0.0864553314121,
"later":0.0374639769452,
"to":0.0345821325648,
"in":0.0345821325648,
"where":0.028818443804,
"on":0.0259365994236,
"at":0.0259365994236,
"also":0.0230547550432,
"has":0.0172910662824,
"was":0.014409221902,
"had":0.014409221902,
"from":0.014409221902,
"back":0.014409221902,
"now":0.0115273775216,
"for":0.0115273775216,
"before":0.0115273775216,
"as":0.0115273775216,
"first":0.00864553314121,
"of":0.00864553314121,
"with":0.00864553314121,
"who":0.00864553314121,
"have":0.00864553314121,
"up":0.00576368876081,
"after":0.00576368876081,
"over":0.00576368876081,
"while":0.00576368876081,
"onto":0.00576368876081,
"again":0.00576368876081,
"into":0.00576368876081,
"when":0.00576368876081,
"s":0.0028818443804,
"across":0.0028818443804,
"by":0.0028818443804,
"soon":0.0028818443804,
"going":0.0028818443804,
"there":0.0028818443804,
"year":0.0028818443804
}